fuente,base_hoja,archivo,campo_original
Mineduc,asistencia_2022,ASISTENCIA_ANUAL_PUBL_2022.csv,agno
Mineduc,asistencia_2022,ASISTENCIA_ANUAL_PUBL_2022.csv,mrun
Mineduc,asistencia_2022,ASISTENCIA_ANUAL_PUBL_2022.csv,rbd
Mineduc,asistencia_2022,ASISTENCIA_ANUAL_PUBL_2022.csv,nom_rbd
Mineduc,asistencia_2022,ASISTENCIA_ANUAL_PUBL_2022.csv,cod_reg_rbd
Mineduc,asistencia_2022,ASISTENCIA_ANUAL_PUBL_2022.csv,nom_reg_rbd_a
Mineduc,asistencia_2022,ASISTENCIA_ANUAL_PUBL_2022.csv,cod_pro_rbd
Mineduc,asistencia_2022,ASISTENCIA_ANUAL_PUBL_2022.csv,cod_com_rbd
Mineduc,asistencia_2022,ASISTENCIA_ANUAL_PUBL_2022.csv,nom_com_rbd
Mineduc,asistencia_2022,ASISTENCIA_ANUAL_PUBL_2022.csv,cod_deprov_rbd
Mineduc,asistencia_2022,ASISTENCIA_ANUAL_PUBL_2022.csv,nom_deprov_rbd
Mineduc,asistencia_2022,ASISTENCIA_ANUAL_PUBL_2022.csv,rural_rbd
Mineduc,asistencia_2022,ASISTENCIA_ANUAL_PUBL_2022.csv,cod_depe2
Mineduc,asistencia_2022,ASISTENCIA_ANUAL_PUBL_2022.csv,cod_ense
Mineduc,asistencia_2022,ASISTENCIA_ANUAL_PUBL_2022.csv,cod_ense2
Mineduc,asistencia_2022,ASISTENCIA_ANUAL_PUBL_2022.csv,cod_grado
Mineduc,asistencia_2022,ASISTENCIA_ANUAL_PUBL_2022.csv,let_cur
Mineduc,asistencia_2022,ASISTENCIA_ANUAL_PUBL_2022.csv,fec_nac_alu
Mineduc,asistencia_2022,ASISTENCIA_ANUAL_PUBL_2022.csv,gen_alu
Mineduc,asistencia_2022,ASISTENCIA_ANUAL_PUBL_2022.csv,dias_asistidos_3
Mineduc,asistencia_2022,ASISTENCIA_ANUAL_PUBL_2022.csv,dias_trabajados_3
Mineduc,asistencia_2022,ASISTENCIA_ANUAL_PUBL_2022.csv,dias_asistidos_4
Mineduc,asistencia_2022,ASISTENCIA_ANUAL_PUBL_2022.csv,dias_trabajados_4
Mineduc,asistencia_2022,ASISTENCIA_ANUAL_PUBL_2022.csv,dias_asistidos_5
Mineduc,asistencia_2022,ASISTENCIA_ANUAL_PUBL_2022.csv,dias_trabajados_5
Mineduc,asistencia_2022,ASISTENCIA_ANUAL_PUBL_2022.csv,dias_asistidos_6
Mineduc,asistencia_2022,ASISTENCIA_ANUAL_PUBL_2022.csv,dias_trabajados_6
Mineduc,asistencia_2022,ASISTENCIA_ANUAL_PUBL_2022.csv,dias_asistidos_7
Mineduc,asistencia_2022,ASISTENCIA_ANUAL_PUBL_2022.csv,dias_trabajados_7
Mineduc,asistencia_2022,ASISTENCIA_ANUAL_PUBL_2022.csv,dias_asistidos_8
Mineduc,asistencia_2022,ASISTENCIA_ANUAL_PUBL_2022.csv,dias_trabajados_8
Mineduc,asistencia_2022,ASISTENCIA_ANUAL_PUBL_2022.csv,dias_asistidos_9
Mineduc,asistencia_2022,ASISTENCIA_ANUAL_PUBL_2022.csv,dias_trabajados_9
Mineduc,asistencia_2022,ASISTENCIA_ANUAL_PUBL_2022.csv,dias_asistidos_10
Mineduc,asistencia_2022,ASISTENCIA_ANUAL_PUBL_2022.csv,dias_trabajados_10
Mineduc,asistencia_2022,ASISTENCIA_ANUAL_PUBL_2022.csv,dias_asistidos_11
Mineduc,asistencia_2022,ASISTENCIA_ANUAL_PUBL_2022.csv,dias_trabajados_11
Mineduc,asistencia_2022,ASISTENCIA_ANUAL_PUBL_2022.csv,dias_asistidos_12
Mineduc,asistencia_2022,ASISTENCIA_ANUAL_PUBL_2022.csv,dias_trabajados_12
Mineduc,asistencia_2022,ASISTENCIA_ANUAL_PUBL_2022.csv,tasa_asistencia_3
Mineduc,asistencia_2022,ASISTENCIA_ANUAL_PUBL_2022.csv,tasa_asistencia_4
Mineduc,asistencia_2022,ASISTENCIA_ANUAL_PUBL_2022.csv,tasa_asistencia_5
Mineduc,asistencia_2022,ASISTENCIA_ANUAL_PUBL_2022.csv,tasa_asistencia_6
Mineduc,asistencia_2022,ASISTENCIA_ANUAL_PUBL_2022.csv,tasa_asistencia_7
Mineduc,asistencia_2022,ASISTENCIA_ANUAL_PUBL_2022.csv,tasa_asistencia_8
Mineduc,asistencia_2022,ASISTENCIA_ANUAL_PUBL_2022.csv,tasa_asistencia_9
Mineduc,asistencia_2022,ASISTENCIA_ANUAL_PUBL_2022.csv,tasa_asistencia_10
Mineduc,asistencia_2022,ASISTENCIA_ANUAL_PUBL_2022.csv,tasa_asistencia_11
Mineduc,asistencia_2022,ASISTENCIA_ANUAL_PUBL_2022.csv,tasa_asistencia_12
Mineduc,asistencia_2022,ASISTENCIA_ANUAL_PUBL_2022.csv,categoria_asis_3
Mineduc,asistencia_2022,ASISTENCIA_ANUAL_PUBL_2022.csv,categoria_asis_4
Mineduc,asistencia_2022,ASISTENCIA_ANUAL_PUBL_2022.csv,categoria_asis_5
Mineduc,asistencia_2022,ASISTENCIA_ANUAL_PUBL_2022.csv,categoria_asis_6
Mineduc,asistencia_2022,ASISTENCIA_ANUAL_PUBL_2022.csv,categoria_asis_7
Mineduc,asistencia_2022,ASISTENCIA_ANUAL_PUBL_2022.csv,categoria_asis_8
Mineduc,asistencia_2022,ASISTENCIA_ANUAL_PUBL_2022.csv,categoria_asis_9
Mineduc,asistencia_2022,ASISTENCIA_ANUAL_PUBL_2022.csv,categoria_asis_10
Mineduc,asistencia_2022,ASISTENCIA_ANUAL_PUBL_2022.csv,categoria_asis_11
Mineduc,asistencia_2022,ASISTENCIA_ANUAL_PUBL_2022.csv,categoria_asis_12
Mineduc,asistencia_2022,ASISTENCIA_ANUAL_PUBL_2022.csv,dias_asistidos_anual
Mineduc,asistencia_2022,ASISTENCIA_ANUAL_PUBL_2022.csv,dias_trabajados_anual
Mineduc,asistencia_2022,ASISTENCIA_ANUAL_PUBL_2022.csv,tasa_asistencia_anual
Mineduc,asistencia_2022,ASISTENCIA_ANUAL_PUBL_2022.csv,categoria_asis_anual
Mineduc,asistencia_2022,ASISTENCIA_ANUAL_PUBL_2022.csv,slep
Mineduc,asistencia_2022,ASISTENCIA_ANUAL_PUBL_2022.csv,nombre_slep
Mineduc,asistencia_2022,ASISTENCIA_ANUAL_PUBL_2022.csv,generacion_slep
Mineduc,asistencia_2023,ASISTENCIA_ANUAL_PUBL_2023.csv,agno
Mineduc,asistencia_2023,ASISTENCIA_ANUAL_PUBL_2023.csv,mrun
Mineduc,asistencia_2023,ASISTENCIA_ANUAL_PUBL_2023.csv,rbd
Mineduc,asistencia_2023,ASISTENCIA_ANUAL_PUBL_2023.csv,nom_rbd
Mineduc,asistencia_2023,ASISTENCIA_ANUAL_PUBL_2023.csv,cod_reg_rbd
Mineduc,asistencia_2023,ASISTENCIA_ANUAL_PUBL_2023.csv,nom_reg_rbd_a
Mineduc,asistencia_2023,ASISTENCIA_ANUAL_PUBL_2023.csv,cod_pro_rbd
Mineduc,asistencia_2023,ASISTENCIA_ANUAL_PUBL_2023.csv,cod_com_rbd
Mineduc,asistencia_2023,ASISTENCIA_ANUAL_PUBL_2023.csv,nom_com_rbd
Mineduc,asistencia_2023,ASISTENCIA_ANUAL_PUBL_2023.csv,cod_deprov_rbd
Mineduc,asistencia_2023,ASISTENCIA_ANUAL_PUBL_2023.csv,nom_deprov_rbd
Mineduc,asistencia_2023,ASISTENCIA_ANUAL_PUBL_2023.csv,rural_rbd
Mineduc,asistencia_2023,ASISTENCIA_ANUAL_PUBL_2023.csv,cod_depe2
Mineduc,asistencia_2023,ASISTENCIA_ANUAL_PUBL_2023.csv,cod_ense
Mineduc,asistencia_2023,ASISTENCIA_ANUAL_PUBL_2023.csv,cod_ense2
Mineduc,asistencia_2023,ASISTENCIA_ANUAL_PUBL_2023.csv,cod_grado
Mineduc,asistencia_2023,ASISTENCIA_ANUAL_PUBL_2023.csv,let_cur
Mineduc,asistencia_2023,ASISTENCIA_ANUAL_PUBL_2023.csv,fec_nac_alu
Mineduc,asistencia_2023,ASISTENCIA_ANUAL_PUBL_2023.csv,gen_alu
Mineduc,asistencia_2023,ASISTENCIA_ANUAL_PUBL_2023.csv,dias_asistidos_3
Mineduc,asistencia_2023,ASISTENCIA_ANUAL_PUBL_2023.csv,dias_trabajados_3
Mineduc,asistencia_2023,ASISTENCIA_ANUAL_PUBL_2023.csv,dias_asistidos_4
Mineduc,asistencia_2023,ASISTENCIA_ANUAL_PUBL_2023.csv,dias_trabajados_4
Mineduc,asistencia_2023,ASISTENCIA_ANUAL_PUBL_2023.csv,dias_asistidos_5
Mineduc,asistencia_2023,ASISTENCIA_ANUAL_PUBL_2023.csv,dias_trabajados_5
Mineduc,asistencia_2023,ASISTENCIA_ANUAL_PUBL_2023.csv,dias_asistidos_6
Mineduc,asistencia_2023,ASISTENCIA_ANUAL_PUBL_2023.csv,dias_trabajados_6
Mineduc,asistencia_2023,ASISTENCIA_ANUAL_PUBL_2023.csv,dias_asistidos_7
Mineduc,asistencia_2023,ASISTENCIA_ANUAL_PUBL_2023.csv,dias_trabajados_7
Mineduc,asistencia_2023,ASISTENCIA_ANUAL_PUBL_2023.csv,dias_asistidos_8
Mineduc,asistencia_2023,ASISTENCIA_ANUAL_PUBL_2023.csv,dias_trabajados_8
Mineduc,asistencia_2023,ASISTENCIA_ANUAL_PUBL_2023.csv,dias_asistidos_9
Mineduc,asistencia_2023,ASISTENCIA_ANUAL_PUBL_2023.csv,dias_trabajados_9
Mineduc,asistencia_2023,ASISTENCIA_ANUAL_PUBL_2023.csv,dias_asistidos_10
Mineduc,asistencia_2023,ASISTENCIA_ANUAL_PUBL_2023.csv,dias_trabajados_10
Mineduc,asistencia_2023,ASISTENCIA_ANUAL_PUBL_2023.csv,dias_asistidos_11
Mineduc,asistencia_2023,ASISTENCIA_ANUAL_PUBL_2023.csv,dias_trabajados_11
Mineduc,asistencia_2023,ASISTENCIA_ANUAL_PUBL_2023.csv,dias_asistidos_12
Mineduc,asistencia_2023,ASISTENCIA_ANUAL_PUBL_2023.csv,dias_trabajados_12
Mineduc,asistencia_2023,ASISTENCIA_ANUAL_PUBL_2023.csv,tasa_asistencia_3
Mineduc,asistencia_2023,ASISTENCIA_ANUAL_PUBL_2023.csv,tasa_asistencia_4
Mineduc,asistencia_2023,ASISTENCIA_ANUAL_PUBL_2023.csv,tasa_asistencia_5
Mineduc,asistencia_2023,ASISTENCIA_ANUAL_PUBL_2023.csv,tasa_asistencia_6
Mineduc,asistencia_2023,ASISTENCIA_ANUAL_PUBL_2023.csv,tasa_asistencia_7
Mineduc,asistencia_2023,ASISTENCIA_ANUAL_PUBL_2023.csv,tasa_asistencia_8
Mineduc,asistencia_2023,ASISTENCIA_ANUAL_PUBL_2023.csv,tasa_asistencia_9
Mineduc,asistencia_2023,ASISTENCIA_ANUAL_PUBL_2023.csv,tasa_asistencia_10
Mineduc,asistencia_2023,ASISTENCIA_ANUAL_PUBL_2023.csv,tasa_asistencia_11
Mineduc,asistencia_2023,ASISTENCIA_ANUAL_PUBL_2023.csv,tasa_asistencia_12
Mineduc,asistencia_2023,ASISTENCIA_ANUAL_PUBL_2023.csv,categoria_asis_3
Mineduc,asistencia_2023,ASISTENCIA_ANUAL_PUBL_2023.csv,categoria_asis_4
Mineduc,asistencia_2023,ASISTENCIA_ANUAL_PUBL_2023.csv,categoria_asis_5
Mineduc,asistencia_2023,ASISTENCIA_ANUAL_PUBL_2023.csv,categoria_asis_6
Mineduc,asistencia_2023,ASISTENCIA_ANUAL_PUBL_2023.csv,categoria_asis_7
Mineduc,asistencia_2023,ASISTENCIA_ANUAL_PUBL_2023.csv,categoria_asis_8
Mineduc,asistencia_2023,ASISTENCIA_ANUAL_PUBL_2023.csv,categoria_asis_9
Mineduc,asistencia_2023,ASISTENCIA_ANUAL_PUBL_2023.csv,categoria_asis_10
Mineduc,asistencia_2023,ASISTENCIA_ANUAL_PUBL_2023.csv,categoria_asis_11
Mineduc,asistencia_2023,ASISTENCIA_ANUAL_PUBL_2023.csv,categoria_asis_12
Mineduc,asistencia_2023,ASISTENCIA_ANUAL_PUBL_2023.csv,dias_asistidos_anual
Mineduc,asistencia_2023,ASISTENCIA_ANUAL_PUBL_2023.csv,dias_trabajados_anual
Mineduc,asistencia_2023,ASISTENCIA_ANUAL_PUBL_2023.csv,tasa_asistencia_anual
Mineduc,asistencia_2023,ASISTENCIA_ANUAL_PUBL_2023.csv,categoria_asis_anual
Mineduc,asistencia_2023,ASISTENCIA_ANUAL_PUBL_2023.csv,slep
Mineduc,asistencia_2023,ASISTENCIA_ANUAL_PUBL_2023.csv,nombre_slep
Mineduc,asistencia_2023,ASISTENCIA_ANUAL_PUBL_2023.csv,generacion_slep
Mineduc,becas_2023,Asignacion 2023_PA_PUBL.csv,ANIO_BENEFICIO
Mineduc,becas_2023,Asignacion 2023_PA_PUBL.csv,MRUN
Mineduc,becas_2023,Asignacion 2023_PA_PUBL.csv,QUINTIL_INGRESO
Mineduc,becas_2023,Asignacion 2023_PA_PUBL.csv,DECIL_DFE
Mineduc,becas_2023,Asignacion 2023_PA_PUBL.csv,BENEFICIO_BECA_FSCU
Mineduc,becas_2023,Asignacion 2023_PA_PUBL.csv,TIPO_ALUMNO
Mineduc,becas_2024,Asignacion 2024_PA_PUBL.csv,ANIO_BENEFICIO
Mineduc,becas_2024,Asignacion 2024_PA_PUBL.csv,MRUN
Mineduc,becas_2024,Asignacion 2024_PA_PUBL.csv,QUINTIL_INGRESO
Mineduc,becas_2024,Asignacion 2024_PA_PUBL.csv,DECIL_DFE
Mineduc,becas_2024,Asignacion 2024_PA_PUBL.csv,BENEFICIO_BECA_FSCU
Mineduc,becas_2024,Asignacion 2024_PA_PUBL.csv,TIPO_ALUMNO
Mineduc,matricula_2007,20260810_Matrícula_Ed_Superior_2007_PUBL_MRUN.csv,cat_periodo
Mineduc,matricula_2007,20260810_Matrícula_Ed_Superior_2007_PUBL_MRUN.csv,id
Mineduc,matricula_2007,20260810_Matrícula_Ed_Superior_2007_PUBL_MRUN.csv,codigo_unico
Mineduc,matricula_2007,20260810_Matrícula_Ed_Superior_2007_PUBL_MRUN.csv,mrun
Mineduc,matricula_2007,20260810_Matrícula_Ed_Superior_2007_PUBL_MRUN.csv,gen_alu
Mineduc,matricula_2007,20260810_Matrícula_Ed_Superior_2007_PUBL_MRUN.csv,fec_nac_alu
Mineduc,matricula_2007,20260810_Matrícula_Ed_Superior_2007_PUBL_MRUN.csv,rango_edad
Mineduc,matricula_2007,20260810_Matrícula_Ed_Superior_2007_PUBL_MRUN.csv,anio_ing_carr_ori
Mineduc,matricula_2007,20260810_Matrícula_Ed_Superior_2007_PUBL_MRUN.csv,sem_ing_carr_ori
Mineduc,matricula_2007,20260810_Matrícula_Ed_Superior_2007_PUBL_MRUN.csv,anio_ing_carr_act
Mineduc,matricula_2007,20260810_Matrícula_Ed_Superior_2007_PUBL_MRUN.csv,sem_ing_carr_act
Mineduc,matricula_2007,20260810_Matrícula_Ed_Superior_2007_PUBL_MRUN.csv,tipo_inst_1
Mineduc,matricula_2007,20260810_Matrícula_Ed_Superior_2007_PUBL_MRUN.csv,tipo_inst_2
Mineduc,matricula_2007,20260810_Matrícula_Ed_Superior_2007_PUBL_MRUN.csv,tipo_inst_3
Mineduc,matricula_2007,20260810_Matrícula_Ed_Superior_2007_PUBL_MRUN.csv,cod_inst
Mineduc,matricula_2007,20260810_Matrícula_Ed_Superior_2007_PUBL_MRUN.csv,nomb_inst
Mineduc,matricula_2007,20260810_Matrícula_Ed_Superior_2007_PUBL_MRUN.csv,cod_sede
Mineduc,matricula_2007,20260810_Matrícula_Ed_Superior_2007_PUBL_MRUN.csv,nomb_sede
Mineduc,matricula_2007,20260810_Matrícula_Ed_Superior_2007_PUBL_MRUN.csv,cod_carrera
Mineduc,matricula_2007,20260810_Matrícula_Ed_Superior_2007_PUBL_MRUN.csv,nomb_carrera
Mineduc,matricula_2007,20260810_Matrícula_Ed_Superior_2007_PUBL_MRUN.csv,modalidad
Mineduc,matricula_2007,20260810_Matrícula_Ed_Superior_2007_PUBL_MRUN.csv,jornada
Mineduc,matricula_2007,20260810_Matrícula_Ed_Superior_2007_PUBL_MRUN.csv,version
Mineduc,matricula_2007,20260810_Matrícula_Ed_Superior_2007_PUBL_MRUN.csv,tipo_plan_carr
Mineduc,matricula_2007,20260810_Matrícula_Ed_Superior_2007_PUBL_MRUN.csv,dur_estudio_carr
Mineduc,matricula_2007,20260810_Matrícula_Ed_Superior_2007_PUBL_MRUN.csv,dur_proceso_tit
Mineduc,matricula_2007,20260810_Matrícula_Ed_Superior_2007_PUBL_MRUN.csv,dur_total_carr
Mineduc,matricula_2007,20260810_Matrícula_Ed_Superior_2007_PUBL_MRUN.csv,region_sede
Mineduc,matricula_2007,20260810_Matrícula_Ed_Superior_2007_PUBL_MRUN.csv,provincia_sede
Mineduc,matricula_2007,20260810_Matrícula_Ed_Superior_2007_PUBL_MRUN.csv,comuna_sede
Mineduc,matricula_2007,20260810_Matrícula_Ed_Superior_2007_PUBL_MRUN.csv,nivel_global
Mineduc,matricula_2007,20260810_Matrícula_Ed_Superior_2007_PUBL_MRUN.csv,nivel_carrera_1
Mineduc,matricula_2007,20260810_Matrícula_Ed_Superior_2007_PUBL_MRUN.csv,nivel_carrera_2
Mineduc,matricula_2007,20260810_Matrícula_Ed_Superior_2007_PUBL_MRUN.csv,requisito_ingreso
Mineduc,matricula_2007,20260810_Matrícula_Ed_Superior_2007_PUBL_MRUN.csv,vigencia_carrera
Mineduc,matricula_2007,20260810_Matrícula_Ed_Superior_2007_PUBL_MRUN.csv,formato_valores
Mineduc,matricula_2007,20260810_Matrícula_Ed_Superior_2007_PUBL_MRUN.csv,valor_matricula
Mineduc,matricula_2007,20260810_Matrícula_Ed_Superior_2007_PUBL_MRUN.csv,valor_arancel
Mineduc,matricula_2007,20260810_Matrícula_Ed_Superior_2007_PUBL_MRUN.csv,codigo_demre
Mineduc,matricula_2007,20260810_Matrícula_Ed_Superior_2007_PUBL_MRUN.csv,area_conocimiento
Mineduc,matricula_2007,20260810_Matrícula_Ed_Superior_2007_PUBL_MRUN.csv,cine_f_97_area
Mineduc,matricula_2007,20260810_Matrícula_Ed_Superior_2007_PUBL_MRUN.csv,cine_f_97_subarea
Mineduc,matricula_2007,20260810_Matrícula_Ed_Superior_2007_PUBL_MRUN.csv,area_carrera_generica
Mineduc,matricula_2007,20260810_Matrícula_Ed_Superior_2007_PUBL_MRUN.csv,cine_f_13_area
Mineduc,matricula_2007,20260810_Matrícula_Ed_Superior_2007_PUBL_MRUN.csv,cine_f_13_subarea
Mineduc,matricula_2007,20260810_Matrícula_Ed_Superior_2007_PUBL_MRUN.csv,acreditada_carr
Mineduc,matricula_2007,20260810_Matrícula_Ed_Superior_2007_PUBL_MRUN.csv,acreditada_inst
Mineduc,matricula_2007,20260810_Matrícula_Ed_Superior_2007_PUBL_MRUN.csv,acre_inst_desde_hasta
Mineduc,matricula_2007,20260810_Matrícula_Ed_Superior_2007_PUBL_MRUN.csv,acre_inst_anio
Mineduc,matricula_2007,20260810_Matrícula_Ed_Superior_2007_PUBL_MRUN.csv,costo_proceso_titulacion
Mineduc,matricula_2007,20260810_Matrícula_Ed_Superior_2007_PUBL_MRUN.csv,costo_obtencion_titulo_diploma
Mineduc,matricula_2007,20260810_Matrícula_Ed_Superior_2007_PUBL_MRUN.csv,forma_ingreso
Mineduc,matricula_2008,20260810_Matrícula_Ed_Superior_2008_PUBL_MRUN.csv,cat_periodo
Mineduc,matricula_2008,20260810_Matrícula_Ed_Superior_2008_PUBL_MRUN.csv,id
Mineduc,matricula_2008,20260810_Matrícula_Ed_Superior_2008_PUBL_MRUN.csv,codigo_unico
Mineduc,matricula_2008,20260810_Matrícula_Ed_Superior_2008_PUBL_MRUN.csv,mrun
Mineduc,matricula_2008,20260810_Matrícula_Ed_Superior_2008_PUBL_MRUN.csv,gen_alu
Mineduc,matricula_2008,20260810_Matrícula_Ed_Superior_2008_PUBL_MRUN.csv,fec_nac_alu
Mineduc,matricula_2008,20260810_Matrícula_Ed_Superior_2008_PUBL_MRUN.csv,rango_edad
Mineduc,matricula_2008,20260810_Matrícula_Ed_Superior_2008_PUBL_MRUN.csv,anio_ing_carr_ori
Mineduc,matricula_2008,20260810_Matrícula_Ed_Superior_2008_PUBL_MRUN.csv,sem_ing_carr_ori
Mineduc,matricula_2008,20260810_Matrícula_Ed_Superior_2008_PUBL_MRUN.csv,anio_ing_carr_act
Mineduc,matricula_2008,20260810_Matrícula_Ed_Superior_2008_PUBL_MRUN.csv,sem_ing_carr_act
Mineduc,matricula_2008,20260810_Matrícula_Ed_Superior_2008_PUBL_MRUN.csv,tipo_inst_1
Mineduc,matricula_2008,20260810_Matrícula_Ed_Superior_2008_PUBL_MRUN.csv,tipo_inst_2
Mineduc,matricula_2008,20260810_Matrícula_Ed_Superior_2008_PUBL_MRUN.csv,tipo_inst_3
Mineduc,matricula_2008,20260810_Matrícula_Ed_Superior_2008_PUBL_MRUN.csv,cod_inst
Mineduc,matricula_2008,20260810_Matrícula_Ed_Superior_2008_PUBL_MRUN.csv,nomb_inst
Mineduc,matricula_2008,20260810_Matrícula_Ed_Superior_2008_PUBL_MRUN.csv,cod_sede
Mineduc,matricula_2008,20260810_Matrícula_Ed_Superior_2008_PUBL_MRUN.csv,nomb_sede
Mineduc,matricula_2008,20260810_Matrícula_Ed_Superior_2008_PUBL_MRUN.csv,cod_carrera
Mineduc,matricula_2008,20260810_Matrícula_Ed_Superior_2008_PUBL_MRUN.csv,nomb_carrera
Mineduc,matricula_2008,20260810_Matrícula_Ed_Superior_2008_PUBL_MRUN.csv,modalidad
Mineduc,matricula_2008,20260810_Matrícula_Ed_Superior_2008_PUBL_MRUN.csv,jornada
Mineduc,matricula_2008,20260810_Matrícula_Ed_Superior_2008_PUBL_MRUN.csv,version
Mineduc,matricula_2008,20260810_Matrícula_Ed_Superior_2008_PUBL_MRUN.csv,tipo_plan_carr
Mineduc,matricula_2008,20260810_Matrícula_Ed_Superior_2008_PUBL_MRUN.csv,dur_estudio_carr
Mineduc,matricula_2008,20260810_Matrícula_Ed_Superior_2008_PUBL_MRUN.csv,dur_proceso_tit
Mineduc,matricula_2008,20260810_Matrícula_Ed_Superior_2008_PUBL_MRUN.csv,dur_total_carr
Mineduc,matricula_2008,20260810_Matrícula_Ed_Superior_2008_PUBL_MRUN.csv,region_sede
Mineduc,matricula_2008,20260810_Matrícula_Ed_Superior_2008_PUBL_MRUN.csv,provincia_sede
Mineduc,matricula_2008,20260810_Matrícula_Ed_Superior_2008_PUBL_MRUN.csv,comuna_sede
Mineduc,matricula_2008,20260810_Matrícula_Ed_Superior_2008_PUBL_MRUN.csv,nivel_global
Mineduc,matricula_2008,20260810_Matrícula_Ed_Superior_2008_PUBL_MRUN.csv,nivel_carrera_1
Mineduc,matricula_2008,20260810_Matrícula_Ed_Superior_2008_PUBL_MRUN.csv,nivel_carrera_2
Mineduc,matricula_2008,20260810_Matrícula_Ed_Superior_2008_PUBL_MRUN.csv,requisito_ingreso
Mineduc,matricula_2008,20260810_Matrícula_Ed_Superior_2008_PUBL_MRUN.csv,vigencia_carrera
Mineduc,matricula_2008,20260810_Matrícula_Ed_Superior_2008_PUBL_MRUN.csv,formato_valores
Mineduc,matricula_2008,20260810_Matrícula_Ed_Superior_2008_PUBL_MRUN.csv,valor_matricula
Mineduc,matricula_2008,20260810_Matrícula_Ed_Superior_2008_PUBL_MRUN.csv,valor_arancel
Mineduc,matricula_2008,20260810_Matrícula_Ed_Superior_2008_PUBL_MRUN.csv,codigo_demre
Mineduc,matricula_2008,20260810_Matrícula_Ed_Superior_2008_PUBL_MRUN.csv,area_conocimiento
Mineduc,matricula_2008,20260810_Matrícula_Ed_Superior_2008_PUBL_MRUN.csv,cine_f_97_area
Mineduc,matricula_2008,20260810_Matrícula_Ed_Superior_2008_PUBL_MRUN.csv,cine_f_97_subarea
Mineduc,matricula_2008,20260810_Matrícula_Ed_Superior_2008_PUBL_MRUN.csv,area_carrera_generica
Mineduc,matricula_2008,20260810_Matrícula_Ed_Superior_2008_PUBL_MRUN.csv,cine_f_13_area
Mineduc,matricula_2008,20260810_Matrícula_Ed_Superior_2008_PUBL_MRUN.csv,cine_f_13_subarea
Mineduc,matricula_2008,20260810_Matrícula_Ed_Superior_2008_PUBL_MRUN.csv,acreditada_carr
Mineduc,matricula_2008,20260810_Matrícula_Ed_Superior_2008_PUBL_MRUN.csv,acreditada_inst
Mineduc,matricula_2008,20260810_Matrícula_Ed_Superior_2008_PUBL_MRUN.csv,acre_inst_desde_hasta
Mineduc,matricula_2008,20260810_Matrícula_Ed_Superior_2008_PUBL_MRUN.csv,acre_inst_anio
Mineduc,matricula_2008,20260810_Matrícula_Ed_Superior_2008_PUBL_MRUN.csv,costo_proceso_titulacion
Mineduc,matricula_2008,20260810_Matrícula_Ed_Superior_2008_PUBL_MRUN.csv,costo_obtencion_titulo_diploma
Mineduc,matricula_2008,20260810_Matrícula_Ed_Superior_2008_PUBL_MRUN.csv,forma_ingreso
Mineduc,matricula_2009,20260810_Matrícula_Ed_Superior_2009_PUBL_MRUN.csv,cat_periodo
Mineduc,matricula_2009,20260810_Matrícula_Ed_Superior_2009_PUBL_MRUN.csv,id
Mineduc,matricula_2009,20260810_Matrícula_Ed_Superior_2009_PUBL_MRUN.csv,codigo_unico
Mineduc,matricula_2009,20260810_Matrícula_Ed_Superior_2009_PUBL_MRUN.csv,mrun
Mineduc,matricula_2009,20260810_Matrícula_Ed_Superior_2009_PUBL_MRUN.csv,gen_alu
Mineduc,matricula_2009,20260810_Matrícula_Ed_Superior_2009_PUBL_MRUN.csv,fec_nac_alu
Mineduc,matricula_2009,20260810_Matrícula_Ed_Superior_2009_PUBL_MRUN.csv,rango_edad
Mineduc,matricula_2009,20260810_Matrícula_Ed_Superior_2009_PUBL_MRUN.csv,anio_ing_carr_ori
Mineduc,matricula_2009,20260810_Matrícula_Ed_Superior_2009_PUBL_MRUN.csv,sem_ing_carr_ori
Mineduc,matricula_2009,20260810_Matrícula_Ed_Superior_2009_PUBL_MRUN.csv,anio_ing_carr_act
Mineduc,matricula_2009,20260810_Matrícula_Ed_Superior_2009_PUBL_MRUN.csv,sem_ing_carr_act
Mineduc,matricula_2009,20260810_Matrícula_Ed_Superior_2009_PUBL_MRUN.csv,tipo_inst_1
Mineduc,matricula_2009,20260810_Matrícula_Ed_Superior_2009_PUBL_MRUN.csv,tipo_inst_2
Mineduc,matricula_2009,20260810_Matrícula_Ed_Superior_2009_PUBL_MRUN.csv,tipo_inst_3
Mineduc,matricula_2009,20260810_Matrícula_Ed_Superior_2009_PUBL_MRUN.csv,cod_inst
Mineduc,matricula_2009,20260810_Matrícula_Ed_Superior_2009_PUBL_MRUN.csv,nomb_inst
Mineduc,matricula_2009,20260810_Matrícula_Ed_Superior_2009_PUBL_MRUN.csv,cod_sede
Mineduc,matricula_2009,20260810_Matrícula_Ed_Superior_2009_PUBL_MRUN.csv,nomb_sede
Mineduc,matricula_2009,20260810_Matrícula_Ed_Superior_2009_PUBL_MRUN.csv,cod_carrera
Mineduc,matricula_2009,20260810_Matrícula_Ed_Superior_2009_PUBL_MRUN.csv,nomb_carrera
Mineduc,matricula_2009,20260810_Matrícula_Ed_Superior_2009_PUBL_MRUN.csv,modalidad
Mineduc,matricula_2009,20260810_Matrícula_Ed_Superior_2009_PUBL_MRUN.csv,jornada
Mineduc,matricula_2009,20260810_Matrícula_Ed_Superior_2009_PUBL_MRUN.csv,version
Mineduc,matricula_2009,20260810_Matrícula_Ed_Superior_2009_PUBL_MRUN.csv,tipo_plan_carr
Mineduc,matricula_2009,20260810_Matrícula_Ed_Superior_2009_PUBL_MRUN.csv,dur_estudio_carr
Mineduc,matricula_2009,20260810_Matrícula_Ed_Superior_2009_PUBL_MRUN.csv,dur_proceso_tit
Mineduc,matricula_2009,20260810_Matrícula_Ed_Superior_2009_PUBL_MRUN.csv,dur_total_carr
Mineduc,matricula_2009,20260810_Matrícula_Ed_Superior_2009_PUBL_MRUN.csv,region_sede
Mineduc,matricula_2009,20260810_Matrícula_Ed_Superior_2009_PUBL_MRUN.csv,provincia_sede
Mineduc,matricula_2009,20260810_Matrícula_Ed_Superior_2009_PUBL_MRUN.csv,comuna_sede
Mineduc,matricula_2009,20260810_Matrícula_Ed_Superior_2009_PUBL_MRUN.csv,nivel_global
Mineduc,matricula_2009,20260810_Matrícula_Ed_Superior_2009_PUBL_MRUN.csv,nivel_carrera_1
Mineduc,matricula_2009,20260810_Matrícula_Ed_Superior_2009_PUBL_MRUN.csv,nivel_carrera_2
Mineduc,matricula_2009,20260810_Matrícula_Ed_Superior_2009_PUBL_MRUN.csv,requisito_ingreso
Mineduc,matricula_2009,20260810_Matrícula_Ed_Superior_2009_PUBL_MRUN.csv,vigencia_carrera
Mineduc,matricula_2009,20260810_Matrícula_Ed_Superior_2009_PUBL_MRUN.csv,formato_valores
Mineduc,matricula_2009,20260810_Matrícula_Ed_Superior_2009_PUBL_MRUN.csv,valor_matricula
Mineduc,matricula_2009,20260810_Matrícula_Ed_Superior_2009_PUBL_MRUN.csv,valor_arancel
Mineduc,matricula_2009,20260810_Matrícula_Ed_Superior_2009_PUBL_MRUN.csv,codigo_demre
Mineduc,matricula_2009,20260810_Matrícula_Ed_Superior_2009_PUBL_MRUN.csv,area_conocimiento
Mineduc,matricula_2009,20260810_Matrícula_Ed_Superior_2009_PUBL_MRUN.csv,cine_f_97_area
Mineduc,matricula_2009,20260810_Matrícula_Ed_Superior_2009_PUBL_MRUN.csv,cine_f_97_subarea
Mineduc,matricula_2009,20260810_Matrícula_Ed_Superior_2009_PUBL_MRUN.csv,area_carrera_generica
Mineduc,matricula_2009,20260810_Matrícula_Ed_Superior_2009_PUBL_MRUN.csv,cine_f_13_area
Mineduc,matricula_2009,20260810_Matrícula_Ed_Superior_2009_PUBL_MRUN.csv,cine_f_13_subarea
Mineduc,matricula_2009,20260810_Matrícula_Ed_Superior_2009_PUBL_MRUN.csv,acreditada_carr
Mineduc,matricula_2009,20260810_Matrícula_Ed_Superior_2009_PUBL_MRUN.csv,acreditada_inst
Mineduc,matricula_2009,20260810_Matrícula_Ed_Superior_2009_PUBL_MRUN.csv,acre_inst_desde_hasta
Mineduc,matricula_2009,20260810_Matrícula_Ed_Superior_2009_PUBL_MRUN.csv,acre_inst_anio
Mineduc,matricula_2009,20260810_Matrícula_Ed_Superior_2009_PUBL_MRUN.csv,costo_proceso_titulacion
Mineduc,matricula_2009,20260810_Matrícula_Ed_Superior_2009_PUBL_MRUN.csv,costo_obtencion_titulo_diploma
Mineduc,matricula_2009,20260810_Matrícula_Ed_Superior_2009_PUBL_MRUN.csv,forma_ingreso
Mineduc,matricula_2010,20260810_Matrícula_Ed_Superior_2010_PUBL_MRUN.csv,cat_periodo
Mineduc,matricula_2010,20260810_Matrícula_Ed_Superior_2010_PUBL_MRUN.csv,id
Mineduc,matricula_2010,20260810_Matrícula_Ed_Superior_2010_PUBL_MRUN.csv,codigo_unico
Mineduc,matricula_2010,20260810_Matrícula_Ed_Superior_2010_PUBL_MRUN.csv,mrun
Mineduc,matricula_2010,20260810_Matrícula_Ed_Superior_2010_PUBL_MRUN.csv,gen_alu
Mineduc,matricula_2010,20260810_Matrícula_Ed_Superior_2010_PUBL_MRUN.csv,fec_nac_alu
Mineduc,matricula_2010,20260810_Matrícula_Ed_Superior_2010_PUBL_MRUN.csv,rango_edad
Mineduc,matricula_2010,20260810_Matrícula_Ed_Superior_2010_PUBL_MRUN.csv,anio_ing_carr_ori
Mineduc,matricula_2010,20260810_Matrícula_Ed_Superior_2010_PUBL_MRUN.csv,sem_ing_carr_ori
Mineduc,matricula_2010,20260810_Matrícula_Ed_Superior_2010_PUBL_MRUN.csv,anio_ing_carr_act
Mineduc,matricula_2010,20260810_Matrícula_Ed_Superior_2010_PUBL_MRUN.csv,sem_ing_carr_act
Mineduc,matricula_2010,20260810_Matrícula_Ed_Superior_2010_PUBL_MRUN.csv,tipo_inst_1
Mineduc,matricula_2010,20260810_Matrícula_Ed_Superior_2010_PUBL_MRUN.csv,tipo_inst_2
Mineduc,matricula_2010,20260810_Matrícula_Ed_Superior_2010_PUBL_MRUN.csv,tipo_inst_3
Mineduc,matricula_2010,20260810_Matrícula_Ed_Superior_2010_PUBL_MRUN.csv,cod_inst
Mineduc,matricula_2010,20260810_Matrícula_Ed_Superior_2010_PUBL_MRUN.csv,nomb_inst
Mineduc,matricula_2010,20260810_Matrícula_Ed_Superior_2010_PUBL_MRUN.csv,cod_sede
Mineduc,matricula_2010,20260810_Matrícula_Ed_Superior_2010_PUBL_MRUN.csv,nomb_sede
Mineduc,matricula_2010,20260810_Matrícula_Ed_Superior_2010_PUBL_MRUN.csv,cod_carrera
Mineduc,matricula_2010,20260810_Matrícula_Ed_Superior_2010_PUBL_MRUN.csv,nomb_carrera
Mineduc,matricula_2010,20260810_Matrícula_Ed_Superior_2010_PUBL_MRUN.csv,modalidad
Mineduc,matricula_2010,20260810_Matrícula_Ed_Superior_2010_PUBL_MRUN.csv,jornada
Mineduc,matricula_2010,20260810_Matrícula_Ed_Superior_2010_PUBL_MRUN.csv,version
Mineduc,matricula_2010,20260810_Matrícula_Ed_Superior_2010_PUBL_MRUN.csv,tipo_plan_carr
Mineduc,matricula_2010,20260810_Matrícula_Ed_Superior_2010_PUBL_MRUN.csv,dur_estudio_carr
Mineduc,matricula_2010,20260810_Matrícula_Ed_Superior_2010_PUBL_MRUN.csv,dur_proceso_tit
Mineduc,matricula_2010,20260810_Matrícula_Ed_Superior_2010_PUBL_MRUN.csv,dur_total_carr
Mineduc,matricula_2010,20260810_Matrícula_Ed_Superior_2010_PUBL_MRUN.csv,region_sede
Mineduc,matricula_2010,20260810_Matrícula_Ed_Superior_2010_PUBL_MRUN.csv,provincia_sede
Mineduc,matricula_2010,20260810_Matrícula_Ed_Superior_2010_PUBL_MRUN.csv,comuna_sede
Mineduc,matricula_2010,20260810_Matrícula_Ed_Superior_2010_PUBL_MRUN.csv,nivel_global
Mineduc,matricula_2010,20260810_Matrícula_Ed_Superior_2010_PUBL_MRUN.csv,nivel_carrera_1
Mineduc,matricula_2010,20260810_Matrícula_Ed_Superior_2010_PUBL_MRUN.csv,nivel_carrera_2
Mineduc,matricula_2010,20260810_Matrícula_Ed_Superior_2010_PUBL_MRUN.csv,requisito_ingreso
Mineduc,matricula_2010,20260810_Matrícula_Ed_Superior_2010_PUBL_MRUN.csv,vigencia_carrera
Mineduc,matricula_2010,20260810_Matrícula_Ed_Superior_2010_PUBL_MRUN.csv,formato_valores
Mineduc,matricula_2010,20260810_Matrícula_Ed_Superior_2010_PUBL_MRUN.csv,valor_matricula
Mineduc,matricula_2010,20260810_Matrícula_Ed_Superior_2010_PUBL_MRUN.csv,valor_arancel
Mineduc,matricula_2010,20260810_Matrícula_Ed_Superior_2010_PUBL_MRUN.csv,codigo_demre
Mineduc,matricula_2010,20260810_Matrícula_Ed_Superior_2010_PUBL_MRUN.csv,area_conocimiento
Mineduc,matricula_2010,20260810_Matrícula_Ed_Superior_2010_PUBL_MRUN.csv,cine_f_97_area
Mineduc,matricula_2010,20260810_Matrícula_Ed_Superior_2010_PUBL_MRUN.csv,cine_f_97_subarea
Mineduc,matricula_2010,20260810_Matrícula_Ed_Superior_2010_PUBL_MRUN.csv,area_carrera_generica
Mineduc,matricula_2010,20260810_Matrícula_Ed_Superior_2010_PUBL_MRUN.csv,cine_f_13_area
Mineduc,matricula_2010,20260810_Matrícula_Ed_Superior_2010_PUBL_MRUN.csv,cine_f_13_subarea
Mineduc,matricula_2010,20260810_Matrícula_Ed_Superior_2010_PUBL_MRUN.csv,acreditada_carr
Mineduc,matricula_2010,20260810_Matrícula_Ed_Superior_2010_PUBL_MRUN.csv,acreditada_inst
Mineduc,matricula_2010,20260810_Matrícula_Ed_Superior_2010_PUBL_MRUN.csv,acre_inst_desde_hasta
Mineduc,matricula_2010,20260810_Matrícula_Ed_Superior_2010_PUBL_MRUN.csv,acre_inst_anio
Mineduc,matricula_2010,20260810_Matrícula_Ed_Superior_2010_PUBL_MRUN.csv,costo_proceso_titulacion
Mineduc,matricula_2010,20260810_Matrícula_Ed_Superior_2010_PUBL_MRUN.csv,costo_obtencion_titulo_diploma
Mineduc,matricula_2010,20260810_Matrícula_Ed_Superior_2010_PUBL_MRUN.csv,forma_ingreso
Mineduc,matricula_2011,20260810_Matrícula_Ed_Superior_2011_PUBL_MRUN.csv,cat_periodo
Mineduc,matricula_2011,20260810_Matrícula_Ed_Superior_2011_PUBL_MRUN.csv,id
Mineduc,matricula_2011,20260810_Matrícula_Ed_Superior_2011_PUBL_MRUN.csv,codigo_unico
Mineduc,matricula_2011,20260810_Matrícula_Ed_Superior_2011_PUBL_MRUN.csv,mrun
Mineduc,matricula_2011,20260810_Matrícula_Ed_Superior_2011_PUBL_MRUN.csv,gen_alu
Mineduc,matricula_2011,20260810_Matrícula_Ed_Superior_2011_PUBL_MRUN.csv,fec_nac_alu
Mineduc,matricula_2011,20260810_Matrícula_Ed_Superior_2011_PUBL_MRUN.csv,rango_edad
Mineduc,matricula_2011,20260810_Matrícula_Ed_Superior_2011_PUBL_MRUN.csv,anio_ing_carr_ori
Mineduc,matricula_2011,20260810_Matrícula_Ed_Superior_2011_PUBL_MRUN.csv,sem_ing_carr_ori
Mineduc,matricula_2011,20260810_Matrícula_Ed_Superior_2011_PUBL_MRUN.csv,anio_ing_carr_act
Mineduc,matricula_2011,20260810_Matrícula_Ed_Superior_2011_PUBL_MRUN.csv,sem_ing_carr_act
Mineduc,matricula_2011,20260810_Matrícula_Ed_Superior_2011_PUBL_MRUN.csv,tipo_inst_1
Mineduc,matricula_2011,20260810_Matrícula_Ed_Superior_2011_PUBL_MRUN.csv,tipo_inst_2
Mineduc,matricula_2011,20260810_Matrícula_Ed_Superior_2011_PUBL_MRUN.csv,tipo_inst_3
Mineduc,matricula_2011,20260810_Matrícula_Ed_Superior_2011_PUBL_MRUN.csv,cod_inst
Mineduc,matricula_2011,20260810_Matrícula_Ed_Superior_2011_PUBL_MRUN.csv,nomb_inst
Mineduc,matricula_2011,20260810_Matrícula_Ed_Superior_2011_PUBL_MRUN.csv,cod_sede
Mineduc,matricula_2011,20260810_Matrícula_Ed_Superior_2011_PUBL_MRUN.csv,nomb_sede
Mineduc,matricula_2011,20260810_Matrícula_Ed_Superior_2011_PUBL_MRUN.csv,cod_carrera
Mineduc,matricula_2011,20260810_Matrícula_Ed_Superior_2011_PUBL_MRUN.csv,nomb_carrera
Mineduc,matricula_2011,20260810_Matrícula_Ed_Superior_2011_PUBL_MRUN.csv,modalidad
Mineduc,matricula_2011,20260810_Matrícula_Ed_Superior_2011_PUBL_MRUN.csv,jornada
Mineduc,matricula_2011,20260810_Matrícula_Ed_Superior_2011_PUBL_MRUN.csv,version
Mineduc,matricula_2011,20260810_Matrícula_Ed_Superior_2011_PUBL_MRUN.csv,tipo_plan_carr
Mineduc,matricula_2011,20260810_Matrícula_Ed_Superior_2011_PUBL_MRUN.csv,dur_estudio_carr
Mineduc,matricula_2011,20260810_Matrícula_Ed_Superior_2011_PUBL_MRUN.csv,dur_proceso_tit
Mineduc,matricula_2011,20260810_Matrícula_Ed_Superior_2011_PUBL_MRUN.csv,dur_total_carr
Mineduc,matricula_2011,20260810_Matrícula_Ed_Superior_2011_PUBL_MRUN.csv,region_sede
Mineduc,matricula_2011,20260810_Matrícula_Ed_Superior_2011_PUBL_MRUN.csv,provincia_sede
Mineduc,matricula_2011,20260810_Matrícula_Ed_Superior_2011_PUBL_MRUN.csv,comuna_sede
Mineduc,matricula_2011,20260810_Matrícula_Ed_Superior_2011_PUBL_MRUN.csv,nivel_global
Mineduc,matricula_2011,20260810_Matrícula_Ed_Superior_2011_PUBL_MRUN.csv,nivel_carrera_1
Mineduc,matricula_2011,20260810_Matrícula_Ed_Superior_2011_PUBL_MRUN.csv,nivel_carrera_2
Mineduc,matricula_2011,20260810_Matrícula_Ed_Superior_2011_PUBL_MRUN.csv,requisito_ingreso
Mineduc,matricula_2011,20260810_Matrícula_Ed_Superior_2011_PUBL_MRUN.csv,vigencia_carrera
Mineduc,matricula_2011,20260810_Matrícula_Ed_Superior_2011_PUBL_MRUN.csv,formato_valores
Mineduc,matricula_2011,20260810_Matrícula_Ed_Superior_2011_PUBL_MRUN.csv,valor_matricula
Mineduc,matricula_2011,20260810_Matrícula_Ed_Superior_2011_PUBL_MRUN.csv,valor_arancel
Mineduc,matricula_2011,20260810_Matrícula_Ed_Superior_2011_PUBL_MRUN.csv,codigo_demre
Mineduc,matricula_2011,20260810_Matrícula_Ed_Superior_2011_PUBL_MRUN.csv,area_conocimiento
Mineduc,matricula_2011,20260810_Matrícula_Ed_Superior_2011_PUBL_MRUN.csv,cine_f_97_area
Mineduc,matricula_2011,20260810_Matrícula_Ed_Superior_2011_PUBL_MRUN.csv,cine_f_97_subarea
Mineduc,matricula_2011,20260810_Matrícula_Ed_Superior_2011_PUBL_MRUN.csv,area_carrera_generica
Mineduc,matricula_2011,20260810_Matrícula_Ed_Superior_2011_PUBL_MRUN.csv,cine_f_13_area
Mineduc,matricula_2011,20260810_Matrícula_Ed_Superior_2011_PUBL_MRUN.csv,cine_f_13_subarea
Mineduc,matricula_2011,20260810_Matrícula_Ed_Superior_2011_PUBL_MRUN.csv,acreditada_carr
Mineduc,matricula_2011,20260810_Matrícula_Ed_Superior_2011_PUBL_MRUN.csv,acreditada_inst
Mineduc,matricula_2011,20260810_Matrícula_Ed_Superior_2011_PUBL_MRUN.csv,acre_inst_desde_hasta
Mineduc,matricula_2011,20260810_Matrícula_Ed_Superior_2011_PUBL_MRUN.csv,acre_inst_anio
Mineduc,matricula_2011,20260810_Matrícula_Ed_Superior_2011_PUBL_MRUN.csv,costo_proceso_titulacion
Mineduc,matricula_2011,20260810_Matrícula_Ed_Superior_2011_PUBL_MRUN.csv,costo_obtencion_titulo_diploma
Mineduc,matricula_2011,20260810_Matrícula_Ed_Superior_2011_PUBL_MRUN.csv,forma_ingreso
Mineduc,matricula_2012,20260810_Matrícula_Ed_Superior_2012_PUBL_MRUN.csv,cat_periodo
Mineduc,matricula_2012,20260810_Matrícula_Ed_Superior_2012_PUBL_MRUN.csv,id
Mineduc,matricula_2012,20260810_Matrícula_Ed_Superior_2012_PUBL_MRUN.csv,codigo_unico
Mineduc,matricula_2012,20260810_Matrícula_Ed_Superior_2012_PUBL_MRUN.csv,mrun
Mineduc,matricula_2012,20260810_Matrícula_Ed_Superior_2012_PUBL_MRUN.csv,gen_alu
Mineduc,matricula_2012,20260810_Matrícula_Ed_Superior_2012_PUBL_MRUN.csv,fec_nac_alu
Mineduc,matricula_2012,20260810_Matrícula_Ed_Superior_2012_PUBL_MRUN.csv,rango_edad
Mineduc,matricula_2012,20260810_Matrícula_Ed_Superior_2012_PUBL_MRUN.csv,anio_ing_carr_ori
Mineduc,matricula_2012,20260810_Matrícula_Ed_Superior_2012_PUBL_MRUN.csv,sem_ing_carr_ori
Mineduc,matricula_2012,20260810_Matrícula_Ed_Superior_2012_PUBL_MRUN.csv,anio_ing_carr_act
Mineduc,matricula_2012,20260810_Matrícula_Ed_Superior_2012_PUBL_MRUN.csv,sem_ing_carr_act
Mineduc,matricula_2012,20260810_Matrícula_Ed_Superior_2012_PUBL_MRUN.csv,tipo_inst_1
Mineduc,matricula_2012,20260810_Matrícula_Ed_Superior_2012_PUBL_MRUN.csv,tipo_inst_2
Mineduc,matricula_2012,20260810_Matrícula_Ed_Superior_2012_PUBL_MRUN.csv,tipo_inst_3
Mineduc,matricula_2012,20260810_Matrícula_Ed_Superior_2012_PUBL_MRUN.csv,cod_inst
Mineduc,matricula_2012,20260810_Matrícula_Ed_Superior_2012_PUBL_MRUN.csv,nomb_inst
Mineduc,matricula_2012,20260810_Matrícula_Ed_Superior_2012_PUBL_MRUN.csv,cod_sede
Mineduc,matricula_2012,20260810_Matrícula_Ed_Superior_2012_PUBL_MRUN.csv,nomb_sede
Mineduc,matricula_2012,20260810_Matrícula_Ed_Superior_2012_PUBL_MRUN.csv,cod_carrera
Mineduc,matricula_2012,20260810_Matrícula_Ed_Superior_2012_PUBL_MRUN.csv,nomb_carrera
Mineduc,matricula_2012,20260810_Matrícula_Ed_Superior_2012_PUBL_MRUN.csv,modalidad
Mineduc,matricula_2012,20260810_Matrícula_Ed_Superior_2012_PUBL_MRUN.csv,jornada
Mineduc,matricula_2012,20260810_Matrícula_Ed_Superior_2012_PUBL_MRUN.csv,version
Mineduc,matricula_2012,20260810_Matrícula_Ed_Superior_2012_PUBL_MRUN.csv,tipo_plan_carr
Mineduc,matricula_2012,20260810_Matrícula_Ed_Superior_2012_PUBL_MRUN.csv,dur_estudio_carr
Mineduc,matricula_2012,20260810_Matrícula_Ed_Superior_2012_PUBL_MRUN.csv,dur_proceso_tit
Mineduc,matricula_2012,20260810_Matrícula_Ed_Superior_2012_PUBL_MRUN.csv,dur_total_carr
Mineduc,matricula_2012,20260810_Matrícula_Ed_Superior_2012_PUBL_MRUN.csv,region_sede
Mineduc,matricula_2012,20260810_Matrícula_Ed_Superior_2012_PUBL_MRUN.csv,provincia_sede
Mineduc,matricula_2012,20260810_Matrícula_Ed_Superior_2012_PUBL_MRUN.csv,comuna_sede
Mineduc,matricula_2012,20260810_Matrícula_Ed_Superior_2012_PUBL_MRUN.csv,nivel_global
Mineduc,matricula_2012,20260810_Matrícula_Ed_Superior_2012_PUBL_MRUN.csv,nivel_carrera_1
Mineduc,matricula_2012,20260810_Matrícula_Ed_Superior_2012_PUBL_MRUN.csv,nivel_carrera_2
Mineduc,matricula_2012,20260810_Matrícula_Ed_Superior_2012_PUBL_MRUN.csv,requisito_ingreso
Mineduc,matricula_2012,20260810_Matrícula_Ed_Superior_2012_PUBL_MRUN.csv,vigencia_carrera
Mineduc,matricula_2012,20260810_Matrícula_Ed_Superior_2012_PUBL_MRUN.csv,formato_valores
Mineduc,matricula_2012,20260810_Matrícula_Ed_Superior_2012_PUBL_MRUN.csv,valor_matricula
Mineduc,matricula_2012,20260810_Matrícula_Ed_Superior_2012_PUBL_MRUN.csv,valor_arancel
Mineduc,matricula_2012,20260810_Matrícula_Ed_Superior_2012_PUBL_MRUN.csv,codigo_demre
Mineduc,matricula_2012,20260810_Matrícula_Ed_Superior_2012_PUBL_MRUN.csv,area_conocimiento
Mineduc,matricula_2012,20260810_Matrícula_Ed_Superior_2012_PUBL_MRUN.csv,cine_f_97_area
Mineduc,matricula_2012,20260810_Matrícula_Ed_Superior_2012_PUBL_MRUN.csv,cine_f_97_subarea
Mineduc,matricula_2012,20260810_Matrícula_Ed_Superior_2012_PUBL_MRUN.csv,area_carrera_generica
Mineduc,matricula_2012,20260810_Matrícula_Ed_Superior_2012_PUBL_MRUN.csv,cine_f_13_area
Mineduc,matricula_2012,20260810_Matrícula_Ed_Superior_2012_PUBL_MRUN.csv,cine_f_13_subarea
Mineduc,matricula_2012,20260810_Matrícula_Ed_Superior_2012_PUBL_MRUN.csv,acreditada_carr
Mineduc,matricula_2012,20260810_Matrícula_Ed_Superior_2012_PUBL_MRUN.csv,acreditada_inst
Mineduc,matricula_2012,20260810_Matrícula_Ed_Superior_2012_PUBL_MRUN.csv,acre_inst_desde_hasta
Mineduc,matricula_2012,20260810_Matrícula_Ed_Superior_2012_PUBL_MRUN.csv,acre_inst_anio
Mineduc,matricula_2012,20260810_Matrícula_Ed_Superior_2012_PUBL_MRUN.csv,costo_proceso_titulacion
Mineduc,matricula_2012,20260810_Matrícula_Ed_Superior_2012_PUBL_MRUN.csv,costo_obtencion_titulo_diploma
Mineduc,matricula_2012,20260810_Matrícula_Ed_Superior_2012_PUBL_MRUN.csv,forma_ingreso
Mineduc,matricula_2013,20260810_Matrícula_Ed_Superior_2013_PUBL_MRUN.csv,cat_periodo
Mineduc,matricula_2013,20260810_Matrícula_Ed_Superior_2013_PUBL_MRUN.csv,id
Mineduc,matricula_2013,20260810_Matrícula_Ed_Superior_2013_PUBL_MRUN.csv,codigo_unico
Mineduc,matricula_2013,20260810_Matrícula_Ed_Superior_2013_PUBL_MRUN.csv,mrun
Mineduc,matricula_2013,20260810_Matrícula_Ed_Superior_2013_PUBL_MRUN.csv,gen_alu
Mineduc,matricula_2013,20260810_Matrícula_Ed_Superior_2013_PUBL_MRUN.csv,fec_nac_alu
Mineduc,matricula_2013,20260810_Matrícula_Ed_Superior_2013_PUBL_MRUN.csv,rango_edad
Mineduc,matricula_2013,20260810_Matrícula_Ed_Superior_2013_PUBL_MRUN.csv,anio_ing_carr_ori
Mineduc,matricula_2013,20260810_Matrícula_Ed_Superior_2013_PUBL_MRUN.csv,sem_ing_carr_ori
Mineduc,matricula_2013,20260810_Matrícula_Ed_Superior_2013_PUBL_MRUN.csv,anio_ing_carr_act
Mineduc,matricula_2013,20260810_Matrícula_Ed_Superior_2013_PUBL_MRUN.csv,sem_ing_carr_act
Mineduc,matricula_2013,20260810_Matrícula_Ed_Superior_2013_PUBL_MRUN.csv,tipo_inst_1
Mineduc,matricula_2013,20260810_Matrícula_Ed_Superior_2013_PUBL_MRUN.csv,tipo_inst_2
Mineduc,matricula_2013,20260810_Matrícula_Ed_Superior_2013_PUBL_MRUN.csv,tipo_inst_3
Mineduc,matricula_2013,20260810_Matrícula_Ed_Superior_2013_PUBL_MRUN.csv,cod_inst
Mineduc,matricula_2013,20260810_Matrícula_Ed_Superior_2013_PUBL_MRUN.csv,nomb_inst
Mineduc,matricula_2013,20260810_Matrícula_Ed_Superior_2013_PUBL_MRUN.csv,cod_sede
Mineduc,matricula_2013,20260810_Matrícula_Ed_Superior_2013_PUBL_MRUN.csv,nomb_sede
Mineduc,matricula_2013,20260810_Matrícula_Ed_Superior_2013_PUBL_MRUN.csv,cod_carrera
Mineduc,matricula_2013,20260810_Matrícula_Ed_Superior_2013_PUBL_MRUN.csv,nomb_carrera
Mineduc,matricula_2013,20260810_Matrícula_Ed_Superior_2013_PUBL_MRUN.csv,modalidad
Mineduc,matricula_2013,20260810_Matrícula_Ed_Superior_2013_PUBL_MRUN.csv,jornada
Mineduc,matricula_2013,20260810_Matrícula_Ed_Superior_2013_PUBL_MRUN.csv,version
Mineduc,matricula_2013,20260810_Matrícula_Ed_Superior_2013_PUBL_MRUN.csv,tipo_plan_carr
Mineduc,matricula_2013,20260810_Matrícula_Ed_Superior_2013_PUBL_MRUN.csv,dur_estudio_carr
Mineduc,matricula_2013,20260810_Matrícula_Ed_Superior_2013_PUBL_MRUN.csv,dur_proceso_tit
Mineduc,matricula_2013,20260810_Matrícula_Ed_Superior_2013_PUBL_MRUN.csv,dur_total_carr
Mineduc,matricula_2013,20260810_Matrícula_Ed_Superior_2013_PUBL_MRUN.csv,region_sede
Mineduc,matricula_2013,20260810_Matrícula_Ed_Superior_2013_PUBL_MRUN.csv,provincia_sede
Mineduc,matricula_2013,20260810_Matrícula_Ed_Superior_2013_PUBL_MRUN.csv,comuna_sede
Mineduc,matricula_2013,20260810_Matrícula_Ed_Superior_2013_PUBL_MRUN.csv,nivel_global
Mineduc,matricula_2013,20260810_Matrícula_Ed_Superior_2013_PUBL_MRUN.csv,nivel_carrera_1
Mineduc,matricula_2013,20260810_Matrícula_Ed_Superior_2013_PUBL_MRUN.csv,nivel_carrera_2
Mineduc,matricula_2013,20260810_Matrícula_Ed_Superior_2013_PUBL_MRUN.csv,requisito_ingreso
Mineduc,matricula_2013,20260810_Matrícula_Ed_Superior_2013_PUBL_MRUN.csv,vigencia_carrera
Mineduc,matricula_2013,20260810_Matrícula_Ed_Superior_2013_PUBL_MRUN.csv,formato_valores
Mineduc,matricula_2013,20260810_Matrícula_Ed_Superior_2013_PUBL_MRUN.csv,valor_matricula
Mineduc,matricula_2013,20260810_Matrícula_Ed_Superior_2013_PUBL_MRUN.csv,valor_arancel
Mineduc,matricula_2013,20260810_Matrícula_Ed_Superior_2013_PUBL_MRUN.csv,codigo_demre
Mineduc,matricula_2013,20260810_Matrícula_Ed_Superior_2013_PUBL_MRUN.csv,area_conocimiento
Mineduc,matricula_2013,20260810_Matrícula_Ed_Superior_2013_PUBL_MRUN.csv,cine_f_97_area
Mineduc,matricula_2013,20260810_Matrícula_Ed_Superior_2013_PUBL_MRUN.csv,cine_f_97_subarea
Mineduc,matricula_2013,20260810_Matrícula_Ed_Superior_2013_PUBL_MRUN.csv,area_carrera_generica
Mineduc,matricula_2013,20260810_Matrícula_Ed_Superior_2013_PUBL_MRUN.csv,cine_f_13_area
Mineduc,matricula_2013,20260810_Matrícula_Ed_Superior_2013_PUBL_MRUN.csv,cine_f_13_subarea
Mineduc,matricula_2013,20260810_Matrícula_Ed_Superior_2013_PUBL_MRUN.csv,acreditada_carr
Mineduc,matricula_2013,20260810_Matrícula_Ed_Superior_2013_PUBL_MRUN.csv,acreditada_inst
Mineduc,matricula_2013,20260810_Matrícula_Ed_Superior_2013_PUBL_MRUN.csv,acre_inst_desde_hasta
Mineduc,matricula_2013,20260810_Matrícula_Ed_Superior_2013_PUBL_MRUN.csv,acre_inst_anio
Mineduc,matricula_2013,20260810_Matrícula_Ed_Superior_2013_PUBL_MRUN.csv,costo_proceso_titulacion
Mineduc,matricula_2013,20260810_Matrícula_Ed_Superior_2013_PUBL_MRUN.csv,costo_obtencion_titulo_diploma
Mineduc,matricula_2013,20260810_Matrícula_Ed_Superior_2013_PUBL_MRUN.csv,forma_ingreso
Mineduc,matricula_2014,20260810_Matrícula_Ed_Superior_2014_PUBL_MRUN.csv,cat_periodo
Mineduc,matricula_2014,20260810_Matrícula_Ed_Superior_2014_PUBL_MRUN.csv,id
Mineduc,matricula_2014,20260810_Matrícula_Ed_Superior_2014_PUBL_MRUN.csv,codigo_unico
Mineduc,matricula_2014,20260810_Matrícula_Ed_Superior_2014_PUBL_MRUN.csv,mrun
Mineduc,matricula_2014,20260810_Matrícula_Ed_Superior_2014_PUBL_MRUN.csv,gen_alu
Mineduc,matricula_2014,20260810_Matrícula_Ed_Superior_2014_PUBL_MRUN.csv,fec_nac_alu
Mineduc,matricula_2014,20260810_Matrícula_Ed_Superior_2014_PUBL_MRUN.csv,rango_edad
Mineduc,matricula_2014,20260810_Matrícula_Ed_Superior_2014_PUBL_MRUN.csv,anio_ing_carr_ori
Mineduc,matricula_2014,20260810_Matrícula_Ed_Superior_2014_PUBL_MRUN.csv,sem_ing_carr_ori
Mineduc,matricula_2014,20260810_Matrícula_Ed_Superior_2014_PUBL_MRUN.csv,anio_ing_carr_act
Mineduc,matricula_2014,20260810_Matrícula_Ed_Superior_2014_PUBL_MRUN.csv,sem_ing_carr_act
Mineduc,matricula_2014,20260810_Matrícula_Ed_Superior_2014_PUBL_MRUN.csv,tipo_inst_1
Mineduc,matricula_2014,20260810_Matrícula_Ed_Superior_2014_PUBL_MRUN.csv,tipo_inst_2
Mineduc,matricula_2014,20260810_Matrícula_Ed_Superior_2014_PUBL_MRUN.csv,tipo_inst_3
Mineduc,matricula_2014,20260810_Matrícula_Ed_Superior_2014_PUBL_MRUN.csv,cod_inst
Mineduc,matricula_2014,20260810_Matrícula_Ed_Superior_2014_PUBL_MRUN.csv,nomb_inst
Mineduc,matricula_2014,20260810_Matrícula_Ed_Superior_2014_PUBL_MRUN.csv,cod_sede
Mineduc,matricula_2014,20260810_Matrícula_Ed_Superior_2014_PUBL_MRUN.csv,nomb_sede
Mineduc,matricula_2014,20260810_Matrícula_Ed_Superior_2014_PUBL_MRUN.csv,cod_carrera
Mineduc,matricula_2014,20260810_Matrícula_Ed_Superior_2014_PUBL_MRUN.csv,nomb_carrera
Mineduc,matricula_2014,20260810_Matrícula_Ed_Superior_2014_PUBL_MRUN.csv,modalidad
Mineduc,matricula_2014,20260810_Matrícula_Ed_Superior_2014_PUBL_MRUN.csv,jornada
Mineduc,matricula_2014,20260810_Matrícula_Ed_Superior_2014_PUBL_MRUN.csv,version
Mineduc,matricula_2014,20260810_Matrícula_Ed_Superior_2014_PUBL_MRUN.csv,tipo_plan_carr
Mineduc,matricula_2014,20260810_Matrícula_Ed_Superior_2014_PUBL_MRUN.csv,dur_estudio_carr
Mineduc,matricula_2014,20260810_Matrícula_Ed_Superior_2014_PUBL_MRUN.csv,dur_proceso_tit
Mineduc,matricula_2014,20260810_Matrícula_Ed_Superior_2014_PUBL_MRUN.csv,dur_total_carr
Mineduc,matricula_2014,20260810_Matrícula_Ed_Superior_2014_PUBL_MRUN.csv,region_sede
Mineduc,matricula_2014,20260810_Matrícula_Ed_Superior_2014_PUBL_MRUN.csv,provincia_sede
Mineduc,matricula_2014,20260810_Matrícula_Ed_Superior_2014_PUBL_MRUN.csv,comuna_sede
Mineduc,matricula_2014,20260810_Matrícula_Ed_Superior_2014_PUBL_MRUN.csv,nivel_global
Mineduc,matricula_2014,20260810_Matrícula_Ed_Superior_2014_PUBL_MRUN.csv,nivel_carrera_1
Mineduc,matricula_2014,20260810_Matrícula_Ed_Superior_2014_PUBL_MRUN.csv,nivel_carrera_2
Mineduc,matricula_2014,20260810_Matrícula_Ed_Superior_2014_PUBL_MRUN.csv,requisito_ingreso
Mineduc,matricula_2014,20260810_Matrícula_Ed_Superior_2014_PUBL_MRUN.csv,vigencia_carrera
Mineduc,matricula_2014,20260810_Matrícula_Ed_Superior_2014_PUBL_MRUN.csv,formato_valores
Mineduc,matricula_2014,20260810_Matrícula_Ed_Superior_2014_PUBL_MRUN.csv,valor_matricula
Mineduc,matricula_2014,20260810_Matrícula_Ed_Superior_2014_PUBL_MRUN.csv,valor_arancel
Mineduc,matricula_2014,20260810_Matrícula_Ed_Superior_2014_PUBL_MRUN.csv,codigo_demre
Mineduc,matricula_2014,20260810_Matrícula_Ed_Superior_2014_PUBL_MRUN.csv,area_conocimiento
Mineduc,matricula_2014,20260810_Matrícula_Ed_Superior_2014_PUBL_MRUN.csv,cine_f_97_area
Mineduc,matricula_2014,20260810_Matrícula_Ed_Superior_2014_PUBL_MRUN.csv,cine_f_97_subarea
Mineduc,matricula_2014,20260810_Matrícula_Ed_Superior_2014_PUBL_MRUN.csv,area_carrera_generica
Mineduc,matricula_2014,20260810_Matrícula_Ed_Superior_2014_PUBL_MRUN.csv,cine_f_13_area
Mineduc,matricula_2014,20260810_Matrícula_Ed_Superior_2014_PUBL_MRUN.csv,cine_f_13_subarea
Mineduc,matricula_2014,20260810_Matrícula_Ed_Superior_2014_PUBL_MRUN.csv,acreditada_carr
Mineduc,matricula_2014,20260810_Matrícula_Ed_Superior_2014_PUBL_MRUN.csv,acreditada_inst
Mineduc,matricula_2014,20260810_Matrícula_Ed_Superior_2014_PUBL_MRUN.csv,acre_inst_desde_hasta
Mineduc,matricula_2014,20260810_Matrícula_Ed_Superior_2014_PUBL_MRUN.csv,acre_inst_anio
Mineduc,matricula_2014,20260810_Matrícula_Ed_Superior_2014_PUBL_MRUN.csv,costo_proceso_titulacion
Mineduc,matricula_2014,20260810_Matrícula_Ed_Superior_2014_PUBL_MRUN.csv,costo_obtencion_titulo_diploma
Mineduc,matricula_2014,20260810_Matrícula_Ed_Superior_2014_PUBL_MRUN.csv,forma_ingreso
Mineduc,matricula_2015,20260810_Matrícula_Ed_Superior_2015_PUBL_MRUN.csv,cat_periodo
Mineduc,matricula_2015,20260810_Matrícula_Ed_Superior_2015_PUBL_MRUN.csv,id
Mineduc,matricula_2015,20260810_Matrícula_Ed_Superior_2015_PUBL_MRUN.csv,codigo_unico
Mineduc,matricula_2015,20260810_Matrícula_Ed_Superior_2015_PUBL_MRUN.csv,mrun
Mineduc,matricula_2015,20260810_Matrícula_Ed_Superior_2015_PUBL_MRUN.csv,gen_alu
Mineduc,matricula_2015,20260810_Matrícula_Ed_Superior_2015_PUBL_MRUN.csv,fec_nac_alu
Mineduc,matricula_2015,20260810_Matrícula_Ed_Superior_2015_PUBL_MRUN.csv,rango_edad
Mineduc,matricula_2015,20260810_Matrícula_Ed_Superior_2015_PUBL_MRUN.csv,anio_ing_carr_ori
Mineduc,matricula_2015,20260810_Matrícula_Ed_Superior_2015_PUBL_MRUN.csv,sem_ing_carr_ori
Mineduc,matricula_2015,20260810_Matrícula_Ed_Superior_2015_PUBL_MRUN.csv,anio_ing_carr_act
Mineduc,matricula_2015,20260810_Matrícula_Ed_Superior_2015_PUBL_MRUN.csv,sem_ing_carr_act
Mineduc,matricula_2015,20260810_Matrícula_Ed_Superior_2015_PUBL_MRUN.csv,tipo_inst_1
Mineduc,matricula_2015,20260810_Matrícula_Ed_Superior_2015_PUBL_MRUN.csv,tipo_inst_2
Mineduc,matricula_2015,20260810_Matrícula_Ed_Superior_2015_PUBL_MRUN.csv,tipo_inst_3
Mineduc,matricula_2015,20260810_Matrícula_Ed_Superior_2015_PUBL_MRUN.csv,cod_inst
Mineduc,matricula_2015,20260810_Matrícula_Ed_Superior_2015_PUBL_MRUN.csv,nomb_inst
Mineduc,matricula_2015,20260810_Matrícula_Ed_Superior_2015_PUBL_MRUN.csv,cod_sede
Mineduc,matricula_2015,20260810_Matrícula_Ed_Superior_2015_PUBL_MRUN.csv,nomb_sede
Mineduc,matricula_2015,20260810_Matrícula_Ed_Superior_2015_PUBL_MRUN.csv,cod_carrera
Mineduc,matricula_2015,20260810_Matrícula_Ed_Superior_2015_PUBL_MRUN.csv,nomb_carrera
Mineduc,matricula_2015,20260810_Matrícula_Ed_Superior_2015_PUBL_MRUN.csv,modalidad
Mineduc,matricula_2015,20260810_Matrícula_Ed_Superior_2015_PUBL_MRUN.csv,jornada
Mineduc,matricula_2015,20260810_Matrícula_Ed_Superior_2015_PUBL_MRUN.csv,version
Mineduc,matricula_2015,20260810_Matrícula_Ed_Superior_2015_PUBL_MRUN.csv,tipo_plan_carr
Mineduc,matricula_2015,20260810_Matrícula_Ed_Superior_2015_PUBL_MRUN.csv,dur_estudio_carr
Mineduc,matricula_2015,20260810_Matrícula_Ed_Superior_2015_PUBL_MRUN.csv,dur_proceso_tit
Mineduc,matricula_2015,20260810_Matrícula_Ed_Superior_2015_PUBL_MRUN.csv,dur_total_carr
Mineduc,matricula_2015,20260810_Matrícula_Ed_Superior_2015_PUBL_MRUN.csv,region_sede
Mineduc,matricula_2015,20260810_Matrícula_Ed_Superior_2015_PUBL_MRUN.csv,provincia_sede
Mineduc,matricula_2015,20260810_Matrícula_Ed_Superior_2015_PUBL_MRUN.csv,comuna_sede
Mineduc,matricula_2015,20260810_Matrícula_Ed_Superior_2015_PUBL_MRUN.csv,nivel_global
Mineduc,matricula_2015,20260810_Matrícula_Ed_Superior_2015_PUBL_MRUN.csv,nivel_carrera_1
Mineduc,matricula_2015,20260810_Matrícula_Ed_Superior_2015_PUBL_MRUN.csv,nivel_carrera_2
Mineduc,matricula_2015,20260810_Matrícula_Ed_Superior_2015_PUBL_MRUN.csv,requisito_ingreso
Mineduc,matricula_2015,20260810_Matrícula_Ed_Superior_2015_PUBL_MRUN.csv,vigencia_carrera
Mineduc,matricula_2015,20260810_Matrícula_Ed_Superior_2015_PUBL_MRUN.csv,formato_valores
Mineduc,matricula_2015,20260810_Matrícula_Ed_Superior_2015_PUBL_MRUN.csv,valor_matricula
Mineduc,matricula_2015,20260810_Matrícula_Ed_Superior_2015_PUBL_MRUN.csv,valor_arancel
Mineduc,matricula_2015,20260810_Matrícula_Ed_Superior_2015_PUBL_MRUN.csv,codigo_demre
Mineduc,matricula_2015,20260810_Matrícula_Ed_Superior_2015_PUBL_MRUN.csv,area_conocimiento
Mineduc,matricula_2015,20260810_Matrícula_Ed_Superior_2015_PUBL_MRUN.csv,cine_f_97_area
Mineduc,matricula_2015,20260810_Matrícula_Ed_Superior_2015_PUBL_MRUN.csv,cine_f_97_subarea
Mineduc,matricula_2015,20260810_Matrícula_Ed_Superior_2015_PUBL_MRUN.csv,area_carrera_generica
Mineduc,matricula_2015,20260810_Matrícula_Ed_Superior_2015_PUBL_MRUN.csv,cine_f_13_area
Mineduc,matricula_2015,20260810_Matrícula_Ed_Superior_2015_PUBL_MRUN.csv,cine_f_13_subarea
Mineduc,matricula_2015,20260810_Matrícula_Ed_Superior_2015_PUBL_MRUN.csv,acreditada_carr
Mineduc,matricula_2015,20260810_Matrícula_Ed_Superior_2015_PUBL_MRUN.csv,acreditada_inst
Mineduc,matricula_2015,20260810_Matrícula_Ed_Superior_2015_PUBL_MRUN.csv,acre_inst_desde_hasta
Mineduc,matricula_2015,20260810_Matrícula_Ed_Superior_2015_PUBL_MRUN.csv,acre_inst_anio
Mineduc,matricula_2015,20260810_Matrícula_Ed_Superior_2015_PUBL_MRUN.csv,costo_proceso_titulacion
Mineduc,matricula_2015,20260810_Matrícula_Ed_Superior_2015_PUBL_MRUN.csv,costo_obtencion_titulo_diploma
Mineduc,matricula_2015,20260810_Matrícula_Ed_Superior_2015_PUBL_MRUN.csv,forma_ingreso
Mineduc,matricula_2016,20260810_Matrícula_Ed_Superior_2016_PUBL_MRUN.csv,cat_periodo
Mineduc,matricula_2016,20260810_Matrícula_Ed_Superior_2016_PUBL_MRUN.csv,id
Mineduc,matricula_2016,20260810_Matrícula_Ed_Superior_2016_PUBL_MRUN.csv,codigo_unico
Mineduc,matricula_2016,20260810_Matrícula_Ed_Superior_2016_PUBL_MRUN.csv,mrun
Mineduc,matricula_2016,20260810_Matrícula_Ed_Superior_2016_PUBL_MRUN.csv,gen_alu
Mineduc,matricula_2016,20260810_Matrícula_Ed_Superior_2016_PUBL_MRUN.csv,fec_nac_alu
Mineduc,matricula_2016,20260810_Matrícula_Ed_Superior_2016_PUBL_MRUN.csv,rango_edad
Mineduc,matricula_2016,20260810_Matrícula_Ed_Superior_2016_PUBL_MRUN.csv,anio_ing_carr_ori
Mineduc,matricula_2016,20260810_Matrícula_Ed_Superior_2016_PUBL_MRUN.csv,sem_ing_carr_ori
Mineduc,matricula_2016,20260810_Matrícula_Ed_Superior_2016_PUBL_MRUN.csv,anio_ing_carr_act
Mineduc,matricula_2016,20260810_Matrícula_Ed_Superior_2016_PUBL_MRUN.csv,sem_ing_carr_act
Mineduc,matricula_2016,20260810_Matrícula_Ed_Superior_2016_PUBL_MRUN.csv,tipo_inst_1
Mineduc,matricula_2016,20260810_Matrícula_Ed_Superior_2016_PUBL_MRUN.csv,tipo_inst_2
Mineduc,matricula_2016,20260810_Matrícula_Ed_Superior_2016_PUBL_MRUN.csv,tipo_inst_3
Mineduc,matricula_2016,20260810_Matrícula_Ed_Superior_2016_PUBL_MRUN.csv,cod_inst
Mineduc,matricula_2016,20260810_Matrícula_Ed_Superior_2016_PUBL_MRUN.csv,nomb_inst
Mineduc,matricula_2016,20260810_Matrícula_Ed_Superior_2016_PUBL_MRUN.csv,cod_sede
Mineduc,matricula_2016,20260810_Matrícula_Ed_Superior_2016_PUBL_MRUN.csv,nomb_sede
Mineduc,matricula_2016,20260810_Matrícula_Ed_Superior_2016_PUBL_MRUN.csv,cod_carrera
Mineduc,matricula_2016,20260810_Matrícula_Ed_Superior_2016_PUBL_MRUN.csv,nomb_carrera
Mineduc,matricula_2016,20260810_Matrícula_Ed_Superior_2016_PUBL_MRUN.csv,modalidad
Mineduc,matricula_2016,20260810_Matrícula_Ed_Superior_2016_PUBL_MRUN.csv,jornada
Mineduc,matricula_2016,20260810_Matrícula_Ed_Superior_2016_PUBL_MRUN.csv,version
Mineduc,matricula_2016,20260810_Matrícula_Ed_Superior_2016_PUBL_MRUN.csv,tipo_plan_carr
Mineduc,matricula_2016,20260810_Matrícula_Ed_Superior_2016_PUBL_MRUN.csv,dur_estudio_carr
Mineduc,matricula_2016,20260810_Matrícula_Ed_Superior_2016_PUBL_MRUN.csv,dur_proceso_tit
Mineduc,matricula_2016,20260810_Matrícula_Ed_Superior_2016_PUBL_MRUN.csv,dur_total_carr
Mineduc,matricula_2016,20260810_Matrícula_Ed_Superior_2016_PUBL_MRUN.csv,region_sede
Mineduc,matricula_2016,20260810_Matrícula_Ed_Superior_2016_PUBL_MRUN.csv,provincia_sede
Mineduc,matricula_2016,20260810_Matrícula_Ed_Superior_2016_PUBL_MRUN.csv,comuna_sede
Mineduc,matricula_2016,20260810_Matrícula_Ed_Superior_2016_PUBL_MRUN.csv,nivel_global
Mineduc,matricula_2016,20260810_Matrícula_Ed_Superior_2016_PUBL_MRUN.csv,nivel_carrera_1
Mineduc,matricula_2016,20260810_Matrícula_Ed_Superior_2016_PUBL_MRUN.csv,nivel_carrera_2
Mineduc,matricula_2016,20260810_Matrícula_Ed_Superior_2016_PUBL_MRUN.csv,requisito_ingreso
Mineduc,matricula_2016,20260810_Matrícula_Ed_Superior_2016_PUBL_MRUN.csv,vigencia_carrera
Mineduc,matricula_2016,20260810_Matrícula_Ed_Superior_2016_PUBL_MRUN.csv,formato_valores
Mineduc,matricula_2016,20260810_Matrícula_Ed_Superior_2016_PUBL_MRUN.csv,valor_matricula
Mineduc,matricula_2016,20260810_Matrícula_Ed_Superior_2016_PUBL_MRUN.csv,valor_arancel
Mineduc,matricula_2016,20260810_Matrícula_Ed_Superior_2016_PUBL_MRUN.csv,codigo_demre
Mineduc,matricula_2016,20260810_Matrícula_Ed_Superior_2016_PUBL_MRUN.csv,area_conocimiento
Mineduc,matricula_2016,20260810_Matrícula_Ed_Superior_2016_PUBL_MRUN.csv,cine_f_97_area
Mineduc,matricula_2016,20260810_Matrícula_Ed_Superior_2016_PUBL_MRUN.csv,cine_f_97_subarea
Mineduc,matricula_2016,20260810_Matrícula_Ed_Superior_2016_PUBL_MRUN.csv,area_carrera_generica
Mineduc,matricula_2016,20260810_Matrícula_Ed_Superior_2016_PUBL_MRUN.csv,cine_f_13_area
Mineduc,matricula_2016,20260810_Matrícula_Ed_Superior_2016_PUBL_MRUN.csv,cine_f_13_subarea
Mineduc,matricula_2016,20260810_Matrícula_Ed_Superior_2016_PUBL_MRUN.csv,acreditada_carr
Mineduc,matricula_2016,20260810_Matrícula_Ed_Superior_2016_PUBL_MRUN.csv,acreditada_inst
Mineduc,matricula_2016,20260810_Matrícula_Ed_Superior_2016_PUBL_MRUN.csv,acre_inst_desde_hasta
Mineduc,matricula_2016,20260810_Matrícula_Ed_Superior_2016_PUBL_MRUN.csv,acre_inst_anio
Mineduc,matricula_2016,20260810_Matrícula_Ed_Superior_2016_PUBL_MRUN.csv,costo_proceso_titulacion
Mineduc,matricula_2016,20260810_Matrícula_Ed_Superior_2016_PUBL_MRUN.csv,costo_obtencion_titulo_diploma
Mineduc,matricula_2016,20260810_Matrícula_Ed_Superior_2016_PUBL_MRUN.csv,forma_ingreso
Mineduc,matricula_2017,20260810_Matrícula_Ed_Superior_2017_PUBL_MRUN.csv,cat_periodo
Mineduc,matricula_2017,20260810_Matrícula_Ed_Superior_2017_PUBL_MRUN.csv,id
Mineduc,matricula_2017,20260810_Matrícula_Ed_Superior_2017_PUBL_MRUN.csv,codigo_unico
Mineduc,matricula_2017,20260810_Matrícula_Ed_Superior_2017_PUBL_MRUN.csv,mrun
Mineduc,matricula_2017,20260810_Matrícula_Ed_Superior_2017_PUBL_MRUN.csv,gen_alu
Mineduc,matricula_2017,20260810_Matrícula_Ed_Superior_2017_PUBL_MRUN.csv,fec_nac_alu
Mineduc,matricula_2017,20260810_Matrícula_Ed_Superior_2017_PUBL_MRUN.csv,rango_edad
Mineduc,matricula_2017,20260810_Matrícula_Ed_Superior_2017_PUBL_MRUN.csv,anio_ing_carr_ori
Mineduc,matricula_2017,20260810_Matrícula_Ed_Superior_2017_PUBL_MRUN.csv,sem_ing_carr_ori
Mineduc,matricula_2017,20260810_Matrícula_Ed_Superior_2017_PUBL_MRUN.csv,anio_ing_carr_act
Mineduc,matricula_2017,20260810_Matrícula_Ed_Superior_2017_PUBL_MRUN.csv,sem_ing_carr_act
Mineduc,matricula_2017,20260810_Matrícula_Ed_Superior_2017_PUBL_MRUN.csv,tipo_inst_1
Mineduc,matricula_2017,20260810_Matrícula_Ed_Superior_2017_PUBL_MRUN.csv,tipo_inst_2
Mineduc,matricula_2017,20260810_Matrícula_Ed_Superior_2017_PUBL_MRUN.csv,tipo_inst_3
Mineduc,matricula_2017,20260810_Matrícula_Ed_Superior_2017_PUBL_MRUN.csv,cod_inst
Mineduc,matricula_2017,20260810_Matrícula_Ed_Superior_2017_PUBL_MRUN.csv,nomb_inst
Mineduc,matricula_2017,20260810_Matrícula_Ed_Superior_2017_PUBL_MRUN.csv,cod_sede
Mineduc,matricula_2017,20260810_Matrícula_Ed_Superior_2017_PUBL_MRUN.csv,nomb_sede
Mineduc,matricula_2017,20260810_Matrícula_Ed_Superior_2017_PUBL_MRUN.csv,cod_carrera
Mineduc,matricula_2017,20260810_Matrícula_Ed_Superior_2017_PUBL_MRUN.csv,nomb_carrera
Mineduc,matricula_2017,20260810_Matrícula_Ed_Superior_2017_PUBL_MRUN.csv,modalidad
Mineduc,matricula_2017,20260810_Matrícula_Ed_Superior_2017_PUBL_MRUN.csv,jornada
Mineduc,matricula_2017,20260810_Matrícula_Ed_Superior_2017_PUBL_MRUN.csv,version
Mineduc,matricula_2017,20260810_Matrícula_Ed_Superior_2017_PUBL_MRUN.csv,tipo_plan_carr
Mineduc,matricula_2017,20260810_Matrícula_Ed_Superior_2017_PUBL_MRUN.csv,dur_estudio_carr
Mineduc,matricula_2017,20260810_Matrícula_Ed_Superior_2017_PUBL_MRUN.csv,dur_proceso_tit
Mineduc,matricula_2017,20260810_Matrícula_Ed_Superior_2017_PUBL_MRUN.csv,dur_total_carr
Mineduc,matricula_2017,20260810_Matrícula_Ed_Superior_2017_PUBL_MRUN.csv,region_sede
Mineduc,matricula_2017,20260810_Matrícula_Ed_Superior_2017_PUBL_MRUN.csv,provincia_sede
Mineduc,matricula_2017,20260810_Matrícula_Ed_Superior_2017_PUBL_MRUN.csv,comuna_sede
Mineduc,matricula_2017,20260810_Matrícula_Ed_Superior_2017_PUBL_MRUN.csv,nivel_global
Mineduc,matricula_2017,20260810_Matrícula_Ed_Superior_2017_PUBL_MRUN.csv,nivel_carrera_1
Mineduc,matricula_2017,20260810_Matrícula_Ed_Superior_2017_PUBL_MRUN.csv,nivel_carrera_2
Mineduc,matricula_2017,20260810_Matrícula_Ed_Superior_2017_PUBL_MRUN.csv,requisito_ingreso
Mineduc,matricula_2017,20260810_Matrícula_Ed_Superior_2017_PUBL_MRUN.csv,vigencia_carrera
Mineduc,matricula_2017,20260810_Matrícula_Ed_Superior_2017_PUBL_MRUN.csv,formato_valores
Mineduc,matricula_2017,20260810_Matrícula_Ed_Superior_2017_PUBL_MRUN.csv,valor_matricula
Mineduc,matricula_2017,20260810_Matrícula_Ed_Superior_2017_PUBL_MRUN.csv,valor_arancel
Mineduc,matricula_2017,20260810_Matrícula_Ed_Superior_2017_PUBL_MRUN.csv,codigo_demre
Mineduc,matricula_2017,20260810_Matrícula_Ed_Superior_2017_PUBL_MRUN.csv,area_conocimiento
Mineduc,matricula_2017,20260810_Matrícula_Ed_Superior_2017_PUBL_MRUN.csv,cine_f_97_area
Mineduc,matricula_2017,20260810_Matrícula_Ed_Superior_2017_PUBL_MRUN.csv,cine_f_97_subarea
Mineduc,matricula_2017,20260810_Matrícula_Ed_Superior_2017_PUBL_MRUN.csv,area_carrera_generica
Mineduc,matricula_2017,20260810_Matrícula_Ed_Superior_2017_PUBL_MRUN.csv,cine_f_13_area
Mineduc,matricula_2017,20260810_Matrícula_Ed_Superior_2017_PUBL_MRUN.csv,cine_f_13_subarea
Mineduc,matricula_2017,20260810_Matrícula_Ed_Superior_2017_PUBL_MRUN.csv,acreditada_carr
Mineduc,matricula_2017,20260810_Matrícula_Ed_Superior_2017_PUBL_MRUN.csv,acreditada_inst
Mineduc,matricula_2017,20260810_Matrícula_Ed_Superior_2017_PUBL_MRUN.csv,acre_inst_desde_hasta
Mineduc,matricula_2017,20260810_Matrícula_Ed_Superior_2017_PUBL_MRUN.csv,acre_inst_anio
Mineduc,matricula_2017,20260810_Matrícula_Ed_Superior_2017_PUBL_MRUN.csv,costo_proceso_titulacion
Mineduc,matricula_2017,20260810_Matrícula_Ed_Superior_2017_PUBL_MRUN.csv,costo_obtencion_titulo_diploma
Mineduc,matricula_2017,20260810_Matrícula_Ed_Superior_2017_PUBL_MRUN.csv,forma_ingreso
Mineduc,matricula_2018,20260810_Matrícula_Ed_Superior_2018_PUBL_MRUN.csv,cat_periodo
Mineduc,matricula_2018,20260810_Matrícula_Ed_Superior_2018_PUBL_MRUN.csv,id
Mineduc,matricula_2018,20260810_Matrícula_Ed_Superior_2018_PUBL_MRUN.csv,codigo_unico
Mineduc,matricula_2018,20260810_Matrícula_Ed_Superior_2018_PUBL_MRUN.csv,mrun
Mineduc,matricula_2018,20260810_Matrícula_Ed_Superior_2018_PUBL_MRUN.csv,gen_alu
Mineduc,matricula_2018,20260810_Matrícula_Ed_Superior_2018_PUBL_MRUN.csv,fec_nac_alu
Mineduc,matricula_2018,20260810_Matrícula_Ed_Superior_2018_PUBL_MRUN.csv,rango_edad
Mineduc,matricula_2018,20260810_Matrícula_Ed_Superior_2018_PUBL_MRUN.csv,anio_ing_carr_ori
Mineduc,matricula_2018,20260810_Matrícula_Ed_Superior_2018_PUBL_MRUN.csv,sem_ing_carr_ori
Mineduc,matricula_2018,20260810_Matrícula_Ed_Superior_2018_PUBL_MRUN.csv,anio_ing_carr_act
Mineduc,matricula_2018,20260810_Matrícula_Ed_Superior_2018_PUBL_MRUN.csv,sem_ing_carr_act
Mineduc,matricula_2018,20260810_Matrícula_Ed_Superior_2018_PUBL_MRUN.csv,tipo_inst_1
Mineduc,matricula_2018,20260810_Matrícula_Ed_Superior_2018_PUBL_MRUN.csv,tipo_inst_2
Mineduc,matricula_2018,20260810_Matrícula_Ed_Superior_2018_PUBL_MRUN.csv,tipo_inst_3
Mineduc,matricula_2018,20260810_Matrícula_Ed_Superior_2018_PUBL_MRUN.csv,cod_inst
Mineduc,matricula_2018,20260810_Matrícula_Ed_Superior_2018_PUBL_MRUN.csv,nomb_inst
Mineduc,matricula_2018,20260810_Matrícula_Ed_Superior_2018_PUBL_MRUN.csv,cod_sede
Mineduc,matricula_2018,20260810_Matrícula_Ed_Superior_2018_PUBL_MRUN.csv,nomb_sede
Mineduc,matricula_2018,20260810_Matrícula_Ed_Superior_2018_PUBL_MRUN.csv,cod_carrera
Mineduc,matricula_2018,20260810_Matrícula_Ed_Superior_2018_PUBL_MRUN.csv,nomb_carrera
Mineduc,matricula_2018,20260810_Matrícula_Ed_Superior_2018_PUBL_MRUN.csv,modalidad
Mineduc,matricula_2018,20260810_Matrícula_Ed_Superior_2018_PUBL_MRUN.csv,jornada
Mineduc,matricula_2018,20260810_Matrícula_Ed_Superior_2018_PUBL_MRUN.csv,version
Mineduc,matricula_2018,20260810_Matrícula_Ed_Superior_2018_PUBL_MRUN.csv,tipo_plan_carr
Mineduc,matricula_2018,20260810_Matrícula_Ed_Superior_2018_PUBL_MRUN.csv,dur_estudio_carr
Mineduc,matricula_2018,20260810_Matrícula_Ed_Superior_2018_PUBL_MRUN.csv,dur_proceso_tit
Mineduc,matricula_2018,20260810_Matrícula_Ed_Superior_2018_PUBL_MRUN.csv,dur_total_carr
Mineduc,matricula_2018,20260810_Matrícula_Ed_Superior_2018_PUBL_MRUN.csv,region_sede
Mineduc,matricula_2018,20260810_Matrícula_Ed_Superior_2018_PUBL_MRUN.csv,provincia_sede
Mineduc,matricula_2018,20260810_Matrícula_Ed_Superior_2018_PUBL_MRUN.csv,comuna_sede
Mineduc,matricula_2018,20260810_Matrícula_Ed_Superior_2018_PUBL_MRUN.csv,nivel_global
Mineduc,matricula_2018,20260810_Matrícula_Ed_Superior_2018_PUBL_MRUN.csv,nivel_carrera_1
Mineduc,matricula_2018,20260810_Matrícula_Ed_Superior_2018_PUBL_MRUN.csv,nivel_carrera_2
Mineduc,matricula_2018,20260810_Matrícula_Ed_Superior_2018_PUBL_MRUN.csv,requisito_ingreso
Mineduc,matricula_2018,20260810_Matrícula_Ed_Superior_2018_PUBL_MRUN.csv,vigencia_carrera
Mineduc,matricula_2018,20260810_Matrícula_Ed_Superior_2018_PUBL_MRUN.csv,formato_valores
Mineduc,matricula_2018,20260810_Matrícula_Ed_Superior_2018_PUBL_MRUN.csv,valor_matricula
Mineduc,matricula_2018,20260810_Matrícula_Ed_Superior_2018_PUBL_MRUN.csv,valor_arancel
Mineduc,matricula_2018,20260810_Matrícula_Ed_Superior_2018_PUBL_MRUN.csv,codigo_demre
Mineduc,matricula_2018,20260810_Matrícula_Ed_Superior_2018_PUBL_MRUN.csv,area_conocimiento
Mineduc,matricula_2018,20260810_Matrícula_Ed_Superior_2018_PUBL_MRUN.csv,cine_f_97_area
Mineduc,matricula_2018,20260810_Matrícula_Ed_Superior_2018_PUBL_MRUN.csv,cine_f_97_subarea
Mineduc,matricula_2018,20260810_Matrícula_Ed_Superior_2018_PUBL_MRUN.csv,area_carrera_generica
Mineduc,matricula_2018,20260810_Matrícula_Ed_Superior_2018_PUBL_MRUN.csv,cine_f_13_area
Mineduc,matricula_2018,20260810_Matrícula_Ed_Superior_2018_PUBL_MRUN.csv,cine_f_13_subarea
Mineduc,matricula_2018,20260810_Matrícula_Ed_Superior_2018_PUBL_MRUN.csv,acreditada_carr
Mineduc,matricula_2018,20260810_Matrícula_Ed_Superior_2018_PUBL_MRUN.csv,acreditada_inst
Mineduc,matricula_2018,20260810_Matrícula_Ed_Superior_2018_PUBL_MRUN.csv,acre_inst_desde_hasta
Mineduc,matricula_2018,20260810_Matrícula_Ed_Superior_2018_PUBL_MRUN.csv,acre_inst_anio
Mineduc,matricula_2018,20260810_Matrícula_Ed_Superior_2018_PUBL_MRUN.csv,costo_proceso_titulacion
Mineduc,matricula_2018,20260810_Matrícula_Ed_Superior_2018_PUBL_MRUN.csv,costo_obtencion_titulo_diploma
Mineduc,matricula_2018,20260810_Matrícula_Ed_Superior_2018_PUBL_MRUN.csv,forma_ingreso
Mineduc,matricula_2019,20260810_Matrícula_Ed_Superior_2019_PUBL_MRUN.csv,cat_periodo
Mineduc,matricula_2019,20260810_Matrícula_Ed_Superior_2019_PUBL_MRUN.csv,id
Mineduc,matricula_2019,20260810_Matrícula_Ed_Superior_2019_PUBL_MRUN.csv,codigo_unico
Mineduc,matricula_2019,20260810_Matrícula_Ed_Superior_2019_PUBL_MRUN.csv,mrun
Mineduc,matricula_2019,20260810_Matrícula_Ed_Superior_2019_PUBL_MRUN.csv,gen_alu
Mineduc,matricula_2019,20260810_Matrícula_Ed_Superior_2019_PUBL_MRUN.csv,fec_nac_alu
Mineduc,matricula_2019,20260810_Matrícula_Ed_Superior_2019_PUBL_MRUN.csv,rango_edad
Mineduc,matricula_2019,20260810_Matrícula_Ed_Superior_2019_PUBL_MRUN.csv,anio_ing_carr_ori
Mineduc,matricula_2019,20260810_Matrícula_Ed_Superior_2019_PUBL_MRUN.csv,sem_ing_carr_ori
Mineduc,matricula_2019,20260810_Matrícula_Ed_Superior_2019_PUBL_MRUN.csv,anio_ing_carr_act
Mineduc,matricula_2019,20260810_Matrícula_Ed_Superior_2019_PUBL_MRUN.csv,sem_ing_carr_act
Mineduc,matricula_2019,20260810_Matrícula_Ed_Superior_2019_PUBL_MRUN.csv,tipo_inst_1
Mineduc,matricula_2019,20260810_Matrícula_Ed_Superior_2019_PUBL_MRUN.csv,tipo_inst_2
Mineduc,matricula_2019,20260810_Matrícula_Ed_Superior_2019_PUBL_MRUN.csv,tipo_inst_3
Mineduc,matricula_2019,20260810_Matrícula_Ed_Superior_2019_PUBL_MRUN.csv,cod_inst
Mineduc,matricula_2019,20260810_Matrícula_Ed_Superior_2019_PUBL_MRUN.csv,nomb_inst
Mineduc,matricula_2019,20260810_Matrícula_Ed_Superior_2019_PUBL_MRUN.csv,cod_sede
Mineduc,matricula_2019,20260810_Matrícula_Ed_Superior_2019_PUBL_MRUN.csv,nomb_sede
Mineduc,matricula_2019,20260810_Matrícula_Ed_Superior_2019_PUBL_MRUN.csv,cod_carrera
Mineduc,matricula_2019,20260810_Matrícula_Ed_Superior_2019_PUBL_MRUN.csv,nomb_carrera
Mineduc,matricula_2019,20260810_Matrícula_Ed_Superior_2019_PUBL_MRUN.csv,modalidad
Mineduc,matricula_2019,20260810_Matrícula_Ed_Superior_2019_PUBL_MRUN.csv,jornada
Mineduc,matricula_2019,20260810_Matrícula_Ed_Superior_2019_PUBL_MRUN.csv,version
Mineduc,matricula_2019,20260810_Matrícula_Ed_Superior_2019_PUBL_MRUN.csv,tipo_plan_carr
Mineduc,matricula_2019,20260810_Matrícula_Ed_Superior_2019_PUBL_MRUN.csv,dur_estudio_carr
Mineduc,matricula_2019,20260810_Matrícula_Ed_Superior_2019_PUBL_MRUN.csv,dur_proceso_tit
Mineduc,matricula_2019,20260810_Matrícula_Ed_Superior_2019_PUBL_MRUN.csv,dur_total_carr
Mineduc,matricula_2019,20260810_Matrícula_Ed_Superior_2019_PUBL_MRUN.csv,region_sede
Mineduc,matricula_2019,20260810_Matrícula_Ed_Superior_2019_PUBL_MRUN.csv,provincia_sede
Mineduc,matricula_2019,20260810_Matrícula_Ed_Superior_2019_PUBL_MRUN.csv,comuna_sede
Mineduc,matricula_2019,20260810_Matrícula_Ed_Superior_2019_PUBL_MRUN.csv,nivel_global
Mineduc,matricula_2019,20260810_Matrícula_Ed_Superior_2019_PUBL_MRUN.csv,nivel_carrera_1
Mineduc,matricula_2019,20260810_Matrícula_Ed_Superior_2019_PUBL_MRUN.csv,nivel_carrera_2
Mineduc,matricula_2019,20260810_Matrícula_Ed_Superior_2019_PUBL_MRUN.csv,requisito_ingreso
Mineduc,matricula_2019,20260810_Matrícula_Ed_Superior_2019_PUBL_MRUN.csv,vigencia_carrera
Mineduc,matricula_2019,20260810_Matrícula_Ed_Superior_2019_PUBL_MRUN.csv,formato_valores
Mineduc,matricula_2019,20260810_Matrícula_Ed_Superior_2019_PUBL_MRUN.csv,valor_matricula
Mineduc,matricula_2019,20260810_Matrícula_Ed_Superior_2019_PUBL_MRUN.csv,valor_arancel
Mineduc,matricula_2019,20260810_Matrícula_Ed_Superior_2019_PUBL_MRUN.csv,codigo_demre
Mineduc,matricula_2019,20260810_Matrícula_Ed_Superior_2019_PUBL_MRUN.csv,area_conocimiento
Mineduc,matricula_2019,20260810_Matrícula_Ed_Superior_2019_PUBL_MRUN.csv,cine_f_97_area
Mineduc,matricula_2019,20260810_Matrícula_Ed_Superior_2019_PUBL_MRUN.csv,cine_f_97_subarea
Mineduc,matricula_2019,20260810_Matrícula_Ed_Superior_2019_PUBL_MRUN.csv,area_carrera_generica
Mineduc,matricula_2019,20260810_Matrícula_Ed_Superior_2019_PUBL_MRUN.csv,cine_f_13_area
Mineduc,matricula_2019,20260810_Matrícula_Ed_Superior_2019_PUBL_MRUN.csv,cine_f_13_subarea
Mineduc,matricula_2019,20260810_Matrícula_Ed_Superior_2019_PUBL_MRUN.csv,acreditada_carr
Mineduc,matricula_2019,20260810_Matrícula_Ed_Superior_2019_PUBL_MRUN.csv,acreditada_inst
Mineduc,matricula_2019,20260810_Matrícula_Ed_Superior_2019_PUBL_MRUN.csv,acre_inst_desde_hasta
Mineduc,matricula_2019,20260810_Matrícula_Ed_Superior_2019_PUBL_MRUN.csv,acre_inst_anio
Mineduc,matricula_2019,20260810_Matrícula_Ed_Superior_2019_PUBL_MRUN.csv,costo_proceso_titulacion
Mineduc,matricula_2019,20260810_Matrícula_Ed_Superior_2019_PUBL_MRUN.csv,costo_obtencion_titulo_diploma
Mineduc,matricula_2019,20260810_Matrícula_Ed_Superior_2019_PUBL_MRUN.csv,forma_ingreso
Mineduc,matricula_2020,20260810_Matrícula_Ed_Superior_2020_PUBL_MRUN.csv,cat_periodo
Mineduc,matricula_2020,20260810_Matrícula_Ed_Superior_2020_PUBL_MRUN.csv,id
Mineduc,matricula_2020,20260810_Matrícula_Ed_Superior_2020_PUBL_MRUN.csv,codigo_unico
Mineduc,matricula_2020,20260810_Matrícula_Ed_Superior_2020_PUBL_MRUN.csv,mrun
Mineduc,matricula_2020,20260810_Matrícula_Ed_Superior_2020_PUBL_MRUN.csv,gen_alu
Mineduc,matricula_2020,20260810_Matrícula_Ed_Superior_2020_PUBL_MRUN.csv,fec_nac_alu
Mineduc,matricula_2020,20260810_Matrícula_Ed_Superior_2020_PUBL_MRUN.csv,rango_edad
Mineduc,matricula_2020,20260810_Matrícula_Ed_Superior_2020_PUBL_MRUN.csv,anio_ing_carr_ori
Mineduc,matricula_2020,20260810_Matrícula_Ed_Superior_2020_PUBL_MRUN.csv,sem_ing_carr_ori
Mineduc,matricula_2020,20260810_Matrícula_Ed_Superior_2020_PUBL_MRUN.csv,anio_ing_carr_act
Mineduc,matricula_2020,20260810_Matrícula_Ed_Superior_2020_PUBL_MRUN.csv,sem_ing_carr_act
Mineduc,matricula_2020,20260810_Matrícula_Ed_Superior_2020_PUBL_MRUN.csv,tipo_inst_1
Mineduc,matricula_2020,20260810_Matrícula_Ed_Superior_2020_PUBL_MRUN.csv,tipo_inst_2
Mineduc,matricula_2020,20260810_Matrícula_Ed_Superior_2020_PUBL_MRUN.csv,tipo_inst_3
Mineduc,matricula_2020,20260810_Matrícula_Ed_Superior_2020_PUBL_MRUN.csv,cod_inst
Mineduc,matricula_2020,20260810_Matrícula_Ed_Superior_2020_PUBL_MRUN.csv,nomb_inst
Mineduc,matricula_2020,20260810_Matrícula_Ed_Superior_2020_PUBL_MRUN.csv,cod_sede
Mineduc,matricula_2020,20260810_Matrícula_Ed_Superior_2020_PUBL_MRUN.csv,nomb_sede
Mineduc,matricula_2020,20260810_Matrícula_Ed_Superior_2020_PUBL_MRUN.csv,cod_carrera
Mineduc,matricula_2020,20260810_Matrícula_Ed_Superior_2020_PUBL_MRUN.csv,nomb_carrera
Mineduc,matricula_2020,20260810_Matrícula_Ed_Superior_2020_PUBL_MRUN.csv,modalidad
Mineduc,matricula_2020,20260810_Matrícula_Ed_Superior_2020_PUBL_MRUN.csv,jornada
Mineduc,matricula_2020,20260810_Matrícula_Ed_Superior_2020_PUBL_MRUN.csv,version
Mineduc,matricula_2020,20260810_Matrícula_Ed_Superior_2020_PUBL_MRUN.csv,tipo_plan_carr
Mineduc,matricula_2020,20260810_Matrícula_Ed_Superior_2020_PUBL_MRUN.csv,dur_estudio_carr
Mineduc,matricula_2020,20260810_Matrícula_Ed_Superior_2020_PUBL_MRUN.csv,dur_proceso_tit
Mineduc,matricula_2020,20260810_Matrícula_Ed_Superior_2020_PUBL_MRUN.csv,dur_total_carr
Mineduc,matricula_2020,20260810_Matrícula_Ed_Superior_2020_PUBL_MRUN.csv,region_sede
Mineduc,matricula_2020,20260810_Matrícula_Ed_Superior_2020_PUBL_MRUN.csv,provincia_sede
Mineduc,matricula_2020,20260810_Matrícula_Ed_Superior_2020_PUBL_MRUN.csv,comuna_sede
Mineduc,matricula_2020,20260810_Matrícula_Ed_Superior_2020_PUBL_MRUN.csv,nivel_global
Mineduc,matricula_2020,20260810_Matrícula_Ed_Superior_2020_PUBL_MRUN.csv,nivel_carrera_1
Mineduc,matricula_2020,20260810_Matrícula_Ed_Superior_2020_PUBL_MRUN.csv,nivel_carrera_2
Mineduc,matricula_2020,20260810_Matrícula_Ed_Superior_2020_PUBL_MRUN.csv,requisito_ingreso
Mineduc,matricula_2020,20260810_Matrícula_Ed_Superior_2020_PUBL_MRUN.csv,vigencia_carrera
Mineduc,matricula_2020,20260810_Matrícula_Ed_Superior_2020_PUBL_MRUN.csv,formato_valores
Mineduc,matricula_2020,20260810_Matrícula_Ed_Superior_2020_PUBL_MRUN.csv,valor_matricula
Mineduc,matricula_2020,20260810_Matrícula_Ed_Superior_2020_PUBL_MRUN.csv,valor_arancel
Mineduc,matricula_2020,20260810_Matrícula_Ed_Superior_2020_PUBL_MRUN.csv,codigo_demre
Mineduc,matricula_2020,20260810_Matrícula_Ed_Superior_2020_PUBL_MRUN.csv,area_conocimiento
Mineduc,matricula_2020,20260810_Matrícula_Ed_Superior_2020_PUBL_MRUN.csv,cine_f_97_area
Mineduc,matricula_2020,20260810_Matrícula_Ed_Superior_2020_PUBL_MRUN.csv,cine_f_97_subarea
Mineduc,matricula_2020,20260810_Matrícula_Ed_Superior_2020_PUBL_MRUN.csv,area_carrera_generica
Mineduc,matricula_2020,20260810_Matrícula_Ed_Superior_2020_PUBL_MRUN.csv,cine_f_13_area
Mineduc,matricula_2020,20260810_Matrícula_Ed_Superior_2020_PUBL_MRUN.csv,cine_f_13_subarea
Mineduc,matricula_2020,20260810_Matrícula_Ed_Superior_2020_PUBL_MRUN.csv,acreditada_carr
Mineduc,matricula_2020,20260810_Matrícula_Ed_Superior_2020_PUBL_MRUN.csv,acreditada_inst
Mineduc,matricula_2020,20260810_Matrícula_Ed_Superior_2020_PUBL_MRUN.csv,acre_inst_desde_hasta
Mineduc,matricula_2020,20260810_Matrícula_Ed_Superior_2020_PUBL_MRUN.csv,acre_inst_anio
Mineduc,matricula_2020,20260810_Matrícula_Ed_Superior_2020_PUBL_MRUN.csv,costo_proceso_titulacion
Mineduc,matricula_2020,20260810_Matrícula_Ed_Superior_2020_PUBL_MRUN.csv,costo_obtencion_titulo_diploma
Mineduc,matricula_2020,20260810_Matrícula_Ed_Superior_2020_PUBL_MRUN.csv,forma_ingreso
Mineduc,matricula_2021,20260810_Matrícula_Ed_Superior_2021_PUBL_MRUN.csv,cat_periodo
Mineduc,matricula_2021,20260810_Matrícula_Ed_Superior_2021_PUBL_MRUN.csv,id
Mineduc,matricula_2021,20260810_Matrícula_Ed_Superior_2021_PUBL_MRUN.csv,codigo_unico
Mineduc,matricula_2021,20260810_Matrícula_Ed_Superior_2021_PUBL_MRUN.csv,mrun
Mineduc,matricula_2021,20260810_Matrícula_Ed_Superior_2021_PUBL_MRUN.csv,gen_alu
Mineduc,matricula_2021,20260810_Matrícula_Ed_Superior_2021_PUBL_MRUN.csv,fec_nac_alu
Mineduc,matricula_2021,20260810_Matrícula_Ed_Superior_2021_PUBL_MRUN.csv,rango_edad
Mineduc,matricula_2021,20260810_Matrícula_Ed_Superior_2021_PUBL_MRUN.csv,anio_ing_carr_ori
Mineduc,matricula_2021,20260810_Matrícula_Ed_Superior_2021_PUBL_MRUN.csv,sem_ing_carr_ori
Mineduc,matricula_2021,20260810_Matrícula_Ed_Superior_2021_PUBL_MRUN.csv,anio_ing_carr_act
Mineduc,matricula_2021,20260810_Matrícula_Ed_Superior_2021_PUBL_MRUN.csv,sem_ing_carr_act
Mineduc,matricula_2021,20260810_Matrícula_Ed_Superior_2021_PUBL_MRUN.csv,tipo_inst_1
Mineduc,matricula_2021,20260810_Matrícula_Ed_Superior_2021_PUBL_MRUN.csv,tipo_inst_2
Mineduc,matricula_2021,20260810_Matrícula_Ed_Superior_2021_PUBL_MRUN.csv,tipo_inst_3
Mineduc,matricula_2021,20260810_Matrícula_Ed_Superior_2021_PUBL_MRUN.csv,cod_inst
Mineduc,matricula_2021,20260810_Matrícula_Ed_Superior_2021_PUBL_MRUN.csv,nomb_inst
Mineduc,matricula_2021,20260810_Matrícula_Ed_Superior_2021_PUBL_MRUN.csv,cod_sede
Mineduc,matricula_2021,20260810_Matrícula_Ed_Superior_2021_PUBL_MRUN.csv,nomb_sede
Mineduc,matricula_2021,20260810_Matrícula_Ed_Superior_2021_PUBL_MRUN.csv,cod_carrera
Mineduc,matricula_2021,20260810_Matrícula_Ed_Superior_2021_PUBL_MRUN.csv,nomb_carrera
Mineduc,matricula_2021,20260810_Matrícula_Ed_Superior_2021_PUBL_MRUN.csv,modalidad
Mineduc,matricula_2021,20260810_Matrícula_Ed_Superior_2021_PUBL_MRUN.csv,jornada
Mineduc,matricula_2021,20260810_Matrícula_Ed_Superior_2021_PUBL_MRUN.csv,version
Mineduc,matricula_2021,20260810_Matrícula_Ed_Superior_2021_PUBL_MRUN.csv,tipo_plan_carr
Mineduc,matricula_2021,20260810_Matrícula_Ed_Superior_2021_PUBL_MRUN.csv,dur_estudio_carr
Mineduc,matricula_2021,20260810_Matrícula_Ed_Superior_2021_PUBL_MRUN.csv,dur_proceso_tit
Mineduc,matricula_2021,20260810_Matrícula_Ed_Superior_2021_PUBL_MRUN.csv,dur_total_carr
Mineduc,matricula_2021,20260810_Matrícula_Ed_Superior_2021_PUBL_MRUN.csv,region_sede
Mineduc,matricula_2021,20260810_Matrícula_Ed_Superior_2021_PUBL_MRUN.csv,provincia_sede
Mineduc,matricula_2021,20260810_Matrícula_Ed_Superior_2021_PUBL_MRUN.csv,comuna_sede
Mineduc,matricula_2021,20260810_Matrícula_Ed_Superior_2021_PUBL_MRUN.csv,nivel_global
Mineduc,matricula_2021,20260810_Matrícula_Ed_Superior_2021_PUBL_MRUN.csv,nivel_carrera_1
Mineduc,matricula_2021,20260810_Matrícula_Ed_Superior_2021_PUBL_MRUN.csv,nivel_carrera_2
Mineduc,matricula_2021,20260810_Matrícula_Ed_Superior_2021_PUBL_MRUN.csv,requisito_ingreso
Mineduc,matricula_2021,20260810_Matrícula_Ed_Superior_2021_PUBL_MRUN.csv,vigencia_carrera
Mineduc,matricula_2021,20260810_Matrícula_Ed_Superior_2021_PUBL_MRUN.csv,formato_valores
Mineduc,matricula_2021,20260810_Matrícula_Ed_Superior_2021_PUBL_MRUN.csv,valor_matricula
Mineduc,matricula_2021,20260810_Matrícula_Ed_Superior_2021_PUBL_MRUN.csv,valor_arancel
Mineduc,matricula_2021,20260810_Matrícula_Ed_Superior_2021_PUBL_MRUN.csv,codigo_demre
Mineduc,matricula_2021,20260810_Matrícula_Ed_Superior_2021_PUBL_MRUN.csv,area_conocimiento
Mineduc,matricula_2021,20260810_Matrícula_Ed_Superior_2021_PUBL_MRUN.csv,cine_f_97_area
Mineduc,matricula_2021,20260810_Matrícula_Ed_Superior_2021_PUBL_MRUN.csv,cine_f_97_subarea
Mineduc,matricula_2021,20260810_Matrícula_Ed_Superior_2021_PUBL_MRUN.csv,area_carrera_generica
Mineduc,matricula_2021,20260810_Matrícula_Ed_Superior_2021_PUBL_MRUN.csv,cine_f_13_area
Mineduc,matricula_2021,20260810_Matrícula_Ed_Superior_2021_PUBL_MRUN.csv,cine_f_13_subarea
Mineduc,matricula_2021,20260810_Matrícula_Ed_Superior_2021_PUBL_MRUN.csv,acreditada_carr
Mineduc,matricula_2021,20260810_Matrícula_Ed_Superior_2021_PUBL_MRUN.csv,acreditada_inst
Mineduc,matricula_2021,20260810_Matrícula_Ed_Superior_2021_PUBL_MRUN.csv,acre_inst_desde_hasta
Mineduc,matricula_2021,20260810_Matrícula_Ed_Superior_2021_PUBL_MRUN.csv,acre_inst_anio
Mineduc,matricula_2021,20260810_Matrícula_Ed_Superior_2021_PUBL_MRUN.csv,costo_proceso_titulacion
Mineduc,matricula_2021,20260810_Matrícula_Ed_Superior_2021_PUBL_MRUN.csv,costo_obtencion_titulo_diploma
Mineduc,matricula_2021,20260810_Matrícula_Ed_Superior_2021_PUBL_MRUN.csv,forma_ingreso
Mineduc,matricula_2022,20260810_Matrícula_Ed_Superior_2022_PUBL_MRUN.csv,cat_periodo
Mineduc,matricula_2022,20260810_Matrícula_Ed_Superior_2022_PUBL_MRUN.csv,id
Mineduc,matricula_2022,20260810_Matrícula_Ed_Superior_2022_PUBL_MRUN.csv,codigo_unico
Mineduc,matricula_2022,20260810_Matrícula_Ed_Superior_2022_PUBL_MRUN.csv,mrun
Mineduc,matricula_2022,20260810_Matrícula_Ed_Superior_2022_PUBL_MRUN.csv,gen_alu
Mineduc,matricula_2022,20260810_Matrícula_Ed_Superior_2022_PUBL_MRUN.csv,fec_nac_alu
Mineduc,matricula_2022,20260810_Matrícula_Ed_Superior_2022_PUBL_MRUN.csv,rango_edad
Mineduc,matricula_2022,20260810_Matrícula_Ed_Superior_2022_PUBL_MRUN.csv,anio_ing_carr_ori
Mineduc,matricula_2022,20260810_Matrícula_Ed_Superior_2022_PUBL_MRUN.csv,sem_ing_carr_ori
Mineduc,matricula_2022,20260810_Matrícula_Ed_Superior_2022_PUBL_MRUN.csv,anio_ing_carr_act
Mineduc,matricula_2022,20260810_Matrícula_Ed_Superior_2022_PUBL_MRUN.csv,sem_ing_carr_act
Mineduc,matricula_2022,20260810_Matrícula_Ed_Superior_2022_PUBL_MRUN.csv,tipo_inst_1
Mineduc,matricula_2022,20260810_Matrícula_Ed_Superior_2022_PUBL_MRUN.csv,tipo_inst_2
Mineduc,matricula_2022,20260810_Matrícula_Ed_Superior_2022_PUBL_MRUN.csv,tipo_inst_3
Mineduc,matricula_2022,20260810_Matrícula_Ed_Superior_2022_PUBL_MRUN.csv,cod_inst
Mineduc,matricula_2022,20260810_Matrícula_Ed_Superior_2022_PUBL_MRUN.csv,nomb_inst
Mineduc,matricula_2022,20260810_Matrícula_Ed_Superior_2022_PUBL_MRUN.csv,cod_sede
Mineduc,matricula_2022,20260810_Matrícula_Ed_Superior_2022_PUBL_MRUN.csv,nomb_sede
Mineduc,matricula_2022,20260810_Matrícula_Ed_Superior_2022_PUBL_MRUN.csv,cod_carrera
Mineduc,matricula_2022,20260810_Matrícula_Ed_Superior_2022_PUBL_MRUN.csv,nomb_carrera
Mineduc,matricula_2022,20260810_Matrícula_Ed_Superior_2022_PUBL_MRUN.csv,modalidad
Mineduc,matricula_2022,20260810_Matrícula_Ed_Superior_2022_PUBL_MRUN.csv,jornada
Mineduc,matricula_2022,20260810_Matrícula_Ed_Superior_2022_PUBL_MRUN.csv,version
Mineduc,matricula_2022,20260810_Matrícula_Ed_Superior_2022_PUBL_MRUN.csv,tipo_plan_carr
Mineduc,matricula_2022,20260810_Matrícula_Ed_Superior_2022_PUBL_MRUN.csv,dur_estudio_carr
Mineduc,matricula_2022,20260810_Matrícula_Ed_Superior_2022_PUBL_MRUN.csv,dur_proceso_tit
Mineduc,matricula_2022,20260810_Matrícula_Ed_Superior_2022_PUBL_MRUN.csv,dur_total_carr
Mineduc,matricula_2022,20260810_Matrícula_Ed_Superior_2022_PUBL_MRUN.csv,region_sede
Mineduc,matricula_2022,20260810_Matrícula_Ed_Superior_2022_PUBL_MRUN.csv,provincia_sede
Mineduc,matricula_2022,20260810_Matrícula_Ed_Superior_2022_PUBL_MRUN.csv,comuna_sede
Mineduc,matricula_2022,20260810_Matrícula_Ed_Superior_2022_PUBL_MRUN.csv,nivel_global
Mineduc,matricula_2022,20260810_Matrícula_Ed_Superior_2022_PUBL_MRUN.csv,nivel_carrera_1
Mineduc,matricula_2022,20260810_Matrícula_Ed_Superior_2022_PUBL_MRUN.csv,nivel_carrera_2
Mineduc,matricula_2022,20260810_Matrícula_Ed_Superior_2022_PUBL_MRUN.csv,requisito_ingreso
Mineduc,matricula_2022,20260810_Matrícula_Ed_Superior_2022_PUBL_MRUN.csv,vigencia_carrera
Mineduc,matricula_2022,20260810_Matrícula_Ed_Superior_2022_PUBL_MRUN.csv,formato_valores
Mineduc,matricula_2022,20260810_Matrícula_Ed_Superior_2022_PUBL_MRUN.csv,valor_matricula
Mineduc,matricula_2022,20260810_Matrícula_Ed_Superior_2022_PUBL_MRUN.csv,valor_arancel
Mineduc,matricula_2022,20260810_Matrícula_Ed_Superior_2022_PUBL_MRUN.csv,codigo_demre
Mineduc,matricula_2022,20260810_Matrícula_Ed_Superior_2022_PUBL_MRUN.csv,area_conocimiento
Mineduc,matricula_2022,20260810_Matrícula_Ed_Superior_2022_PUBL_MRUN.csv,cine_f_97_area
Mineduc,matricula_2022,20260810_Matrícula_Ed_Superior_2022_PUBL_MRUN.csv,cine_f_97_subarea
Mineduc,matricula_2022,20260810_Matrícula_Ed_Superior_2022_PUBL_MRUN.csv,area_carrera_generica
Mineduc,matricula_2022,20260810_Matrícula_Ed_Superior_2022_PUBL_MRUN.csv,cine_f_13_area
Mineduc,matricula_2022,20260810_Matrícula_Ed_Superior_2022_PUBL_MRUN.csv,cine_f_13_subarea
Mineduc,matricula_2022,20260810_Matrícula_Ed_Superior_2022_PUBL_MRUN.csv,acreditada_carr
Mineduc,matricula_2022,20260810_Matrícula_Ed_Superior_2022_PUBL_MRUN.csv,acreditada_inst
Mineduc,matricula_2022,20260810_Matrícula_Ed_Superior_2022_PUBL_MRUN.csv,acre_inst_desde_hasta
Mineduc,matricula_2022,20260810_Matrícula_Ed_Superior_2022_PUBL_MRUN.csv,acre_inst_anio
Mineduc,matricula_2022,20260810_Matrícula_Ed_Superior_2022_PUBL_MRUN.csv,costo_proceso_titulacion
Mineduc,matricula_2022,20260810_Matrícula_Ed_Superior_2022_PUBL_MRUN.csv,costo_obtencion_titulo_diploma
Mineduc,matricula_2022,20260810_Matrícula_Ed_Superior_2022_PUBL_MRUN.csv,forma_ingreso
Mineduc,matricula_2023,20260810_Matrícula_Ed_Superior_2023_PUBL_MRUN.csv,cat_periodo
Mineduc,matricula_2023,20260810_Matrícula_Ed_Superior_2023_PUBL_MRUN.csv,id
Mineduc,matricula_2023,20260810_Matrícula_Ed_Superior_2023_PUBL_MRUN.csv,codigo_unico
Mineduc,matricula_2023,20260810_Matrícula_Ed_Superior_2023_PUBL_MRUN.csv,mrun
Mineduc,matricula_2023,20260810_Matrícula_Ed_Superior_2023_PUBL_MRUN.csv,gen_alu
Mineduc,matricula_2023,20260810_Matrícula_Ed_Superior_2023_PUBL_MRUN.csv,fec_nac_alu
Mineduc,matricula_2023,20260810_Matrícula_Ed_Superior_2023_PUBL_MRUN.csv,rango_edad
Mineduc,matricula_2023,20260810_Matrícula_Ed_Superior_2023_PUBL_MRUN.csv,anio_ing_carr_ori
Mineduc,matricula_2023,20260810_Matrícula_Ed_Superior_2023_PUBL_MRUN.csv,sem_ing_carr_ori
Mineduc,matricula_2023,20260810_Matrícula_Ed_Superior_2023_PUBL_MRUN.csv,anio_ing_carr_act
Mineduc,matricula_2023,20260810_Matrícula_Ed_Superior_2023_PUBL_MRUN.csv,sem_ing_carr_act
Mineduc,matricula_2023,20260810_Matrícula_Ed_Superior_2023_PUBL_MRUN.csv,tipo_inst_1
Mineduc,matricula_2023,20260810_Matrícula_Ed_Superior_2023_PUBL_MRUN.csv,tipo_inst_2
Mineduc,matricula_2023,20260810_Matrícula_Ed_Superior_2023_PUBL_MRUN.csv,tipo_inst_3
Mineduc,matricula_2023,20260810_Matrícula_Ed_Superior_2023_PUBL_MRUN.csv,cod_inst
Mineduc,matricula_2023,20260810_Matrícula_Ed_Superior_2023_PUBL_MRUN.csv,nomb_inst
Mineduc,matricula_2023,20260810_Matrícula_Ed_Superior_2023_PUBL_MRUN.csv,cod_sede
Mineduc,matricula_2023,20260810_Matrícula_Ed_Superior_2023_PUBL_MRUN.csv,nomb_sede
Mineduc,matricula_2023,20260810_Matrícula_Ed_Superior_2023_PUBL_MRUN.csv,cod_carrera
Mineduc,matricula_2023,20260810_Matrícula_Ed_Superior_2023_PUBL_MRUN.csv,nomb_carrera
Mineduc,matricula_2023,20260810_Matrícula_Ed_Superior_2023_PUBL_MRUN.csv,modalidad
Mineduc,matricula_2023,20260810_Matrícula_Ed_Superior_2023_PUBL_MRUN.csv,jornada
Mineduc,matricula_2023,20260810_Matrícula_Ed_Superior_2023_PUBL_MRUN.csv,version
Mineduc,matricula_2023,20260810_Matrícula_Ed_Superior_2023_PUBL_MRUN.csv,tipo_plan_carr
Mineduc,matricula_2023,20260810_Matrícula_Ed_Superior_2023_PUBL_MRUN.csv,dur_estudio_carr
Mineduc,matricula_2023,20260810_Matrícula_Ed_Superior_2023_PUBL_MRUN.csv,dur_proceso_tit
Mineduc,matricula_2023,20260810_Matrícula_Ed_Superior_2023_PUBL_MRUN.csv,dur_total_carr
Mineduc,matricula_2023,20260810_Matrícula_Ed_Superior_2023_PUBL_MRUN.csv,region_sede
Mineduc,matricula_2023,20260810_Matrícula_Ed_Superior_2023_PUBL_MRUN.csv,provincia_sede
Mineduc,matricula_2023,20260810_Matrícula_Ed_Superior_2023_PUBL_MRUN.csv,comuna_sede
Mineduc,matricula_2023,20260810_Matrícula_Ed_Superior_2023_PUBL_MRUN.csv,nivel_global
Mineduc,matricula_2023,20260810_Matrícula_Ed_Superior_2023_PUBL_MRUN.csv,nivel_carrera_1
Mineduc,matricula_2023,20260810_Matrícula_Ed_Superior_2023_PUBL_MRUN.csv,nivel_carrera_2
Mineduc,matricula_2023,20260810_Matrícula_Ed_Superior_2023_PUBL_MRUN.csv,requisito_ingreso
Mineduc,matricula_2023,20260810_Matrícula_Ed_Superior_2023_PUBL_MRUN.csv,vigencia_carrera
Mineduc,matricula_2023,20260810_Matrícula_Ed_Superior_2023_PUBL_MRUN.csv,formato_valores
Mineduc,matricula_2023,20260810_Matrícula_Ed_Superior_2023_PUBL_MRUN.csv,valor_matricula
Mineduc,matricula_2023,20260810_Matrícula_Ed_Superior_2023_PUBL_MRUN.csv,valor_arancel
Mineduc,matricula_2023,20260810_Matrícula_Ed_Superior_2023_PUBL_MRUN.csv,codigo_demre
Mineduc,matricula_2023,20260810_Matrícula_Ed_Superior_2023_PUBL_MRUN.csv,area_conocimiento
Mineduc,matricula_2023,20260810_Matrícula_Ed_Superior_2023_PUBL_MRUN.csv,cine_f_97_area
Mineduc,matricula_2023,20260810_Matrícula_Ed_Superior_2023_PUBL_MRUN.csv,cine_f_97_subarea
Mineduc,matricula_2023,20260810_Matrícula_Ed_Superior_2023_PUBL_MRUN.csv,area_carrera_generica
Mineduc,matricula_2023,20260810_Matrícula_Ed_Superior_2023_PUBL_MRUN.csv,cine_f_13_area
Mineduc,matricula_2023,20260810_Matrícula_Ed_Superior_2023_PUBL_MRUN.csv,cine_f_13_subarea
Mineduc,matricula_2023,20260810_Matrícula_Ed_Superior_2023_PUBL_MRUN.csv,acreditada_carr
Mineduc,matricula_2023,20260810_Matrícula_Ed_Superior_2023_PUBL_MRUN.csv,acreditada_inst
Mineduc,matricula_2023,20260810_Matrícula_Ed_Superior_2023_PUBL_MRUN.csv,acre_inst_desde_hasta
Mineduc,matricula_2023,20260810_Matrícula_Ed_Superior_2023_PUBL_MRUN.csv,acre_inst_anio
Mineduc,matricula_2023,20260810_Matrícula_Ed_Superior_2023_PUBL_MRUN.csv,costo_proceso_titulacion
Mineduc,matricula_2023,20260810_Matrícula_Ed_Superior_2023_PUBL_MRUN.csv,costo_obtencion_titulo_diploma
Mineduc,matricula_2023,20260810_Matrícula_Ed_Superior_2023_PUBL_MRUN.csv,forma_ingreso
Mineduc,matricula_2024,20260810_Matrícula_Ed_Superior_2024_PUBL_MRUN.csv,cat_periodo
Mineduc,matricula_2024,20260810_Matrícula_Ed_Superior_2024_PUBL_MRUN.csv,id
Mineduc,matricula_2024,20260810_Matrícula_Ed_Superior_2024_PUBL_MRUN.csv,codigo_unico
Mineduc,matricula_2024,20260810_Matrícula_Ed_Superior_2024_PUBL_MRUN.csv,mrun
Mineduc,matricula_2024,20260810_Matrícula_Ed_Superior_2024_PUBL_MRUN.csv,gen_alu
Mineduc,matricula_2024,20260810_Matrícula_Ed_Superior_2024_PUBL_MRUN.csv,fec_nac_alu
Mineduc,matricula_2024,20260810_Matrícula_Ed_Superior_2024_PUBL_MRUN.csv,rango_edad
Mineduc,matricula_2024,20260810_Matrícula_Ed_Superior_2024_PUBL_MRUN.csv,anio_ing_carr_ori
Mineduc,matricula_2024,20260810_Matrícula_Ed_Superior_2024_PUBL_MRUN.csv,sem_ing_carr_ori
Mineduc,matricula_2024,20260810_Matrícula_Ed_Superior_2024_PUBL_MRUN.csv,anio_ing_carr_act
Mineduc,matricula_2024,20260810_Matrícula_Ed_Superior_2024_PUBL_MRUN.csv,sem_ing_carr_act
Mineduc,matricula_2024,20260810_Matrícula_Ed_Superior_2024_PUBL_MRUN.csv,tipo_inst_1
Mineduc,matricula_2024,20260810_Matrícula_Ed_Superior_2024_PUBL_MRUN.csv,tipo_inst_2
Mineduc,matricula_2024,20260810_Matrícula_Ed_Superior_2024_PUBL_MRUN.csv,tipo_inst_3
Mineduc,matricula_2024,20260810_Matrícula_Ed_Superior_2024_PUBL_MRUN.csv,cod_inst
Mineduc,matricula_2024,20260810_Matrícula_Ed_Superior_2024_PUBL_MRUN.csv,nomb_inst
Mineduc,matricula_2024,20260810_Matrícula_Ed_Superior_2024_PUBL_MRUN.csv,cod_sede
Mineduc,matricula_2024,20260810_Matrícula_Ed_Superior_2024_PUBL_MRUN.csv,nomb_sede
Mineduc,matricula_2024,20260810_Matrícula_Ed_Superior_2024_PUBL_MRUN.csv,cod_carrera
Mineduc,matricula_2024,20260810_Matrícula_Ed_Superior_2024_PUBL_MRUN.csv,nomb_carrera
Mineduc,matricula_2024,20260810_Matrícula_Ed_Superior_2024_PUBL_MRUN.csv,modalidad
Mineduc,matricula_2024,20260810_Matrícula_Ed_Superior_2024_PUBL_MRUN.csv,jornada
Mineduc,matricula_2024,20260810_Matrícula_Ed_Superior_2024_PUBL_MRUN.csv,version
Mineduc,matricula_2024,20260810_Matrícula_Ed_Superior_2024_PUBL_MRUN.csv,tipo_plan_carr
Mineduc,matricula_2024,20260810_Matrícula_Ed_Superior_2024_PUBL_MRUN.csv,dur_estudio_carr
Mineduc,matricula_2024,20260810_Matrícula_Ed_Superior_2024_PUBL_MRUN.csv,dur_proceso_tit
Mineduc,matricula_2024,20260810_Matrícula_Ed_Superior_2024_PUBL_MRUN.csv,dur_total_carr
Mineduc,matricula_2024,20260810_Matrícula_Ed_Superior_2024_PUBL_MRUN.csv,region_sede
Mineduc,matricula_2024,20260810_Matrícula_Ed_Superior_2024_PUBL_MRUN.csv,provincia_sede
Mineduc,matricula_2024,20260810_Matrícula_Ed_Superior_2024_PUBL_MRUN.csv,comuna_sede
Mineduc,matricula_2024,20260810_Matrícula_Ed_Superior_2024_PUBL_MRUN.csv,nivel_global
Mineduc,matricula_2024,20260810_Matrícula_Ed_Superior_2024_PUBL_MRUN.csv,nivel_carrera_1
Mineduc,matricula_2024,20260810_Matrícula_Ed_Superior_2024_PUBL_MRUN.csv,nivel_carrera_2
Mineduc,matricula_2024,20260810_Matrícula_Ed_Superior_2024_PUBL_MRUN.csv,requisito_ingreso
Mineduc,matricula_2024,20260810_Matrícula_Ed_Superior_2024_PUBL_MRUN.csv,vigencia_carrera
Mineduc,matricula_2024,20260810_Matrícula_Ed_Superior_2024_PUBL_MRUN.csv,formato_valores
Mineduc,matricula_2024,20260810_Matrícula_Ed_Superior_2024_PUBL_MRUN.csv,valor_matricula
Mineduc,matricula_2024,20260810_Matrícula_Ed_Superior_2024_PUBL_MRUN.csv,valor_arancel
Mineduc,matricula_2024,20260810_Matrícula_Ed_Superior_2024_PUBL_MRUN.csv,codigo_demre
Mineduc,matricula_2024,20260810_Matrícula_Ed_Superior_2024_PUBL_MRUN.csv,area_conocimiento
Mineduc,matricula_2024,20260810_Matrícula_Ed_Superior_2024_PUBL_MRUN.csv,cine_f_97_area
Mineduc,matricula_2024,20260810_Matrícula_Ed_Superior_2024_PUBL_MRUN.csv,cine_f_97_subarea
Mineduc,matricula_2024,20260810_Matrícula_Ed_Superior_2024_PUBL_MRUN.csv,area_carrera_generica
Mineduc,matricula_2024,20260810_Matrícula_Ed_Superior_2024_PUBL_MRUN.csv,cine_f_13_area
Mineduc,matricula_2024,20260810_Matrícula_Ed_Superior_2024_PUBL_MRUN.csv,cine_f_13_subarea
Mineduc,matricula_2024,20260810_Matrícula_Ed_Superior_2024_PUBL_MRUN.csv,acreditada_carr
Mineduc,matricula_2024,20260810_Matrícula_Ed_Superior_2024_PUBL_MRUN.csv,acreditada_inst
Mineduc,matricula_2024,20260810_Matrícula_Ed_Superior_2024_PUBL_MRUN.csv,acre_inst_desde_hasta
Mineduc,matricula_2024,20260810_Matrícula_Ed_Superior_2024_PUBL_MRUN.csv,acre_inst_anio
Mineduc,matricula_2024,20260810_Matrícula_Ed_Superior_2024_PUBL_MRUN.csv,costo_proceso_titulacion
Mineduc,matricula_2024,20260810_Matrícula_Ed_Superior_2024_PUBL_MRUN.csv,costo_obtencion_titulo_diploma
Mineduc,matricula_2024,20260810_Matrícula_Ed_Superior_2024_PUBL_MRUN.csv,forma_ingreso
Mineduc,matricula_2025,20260810_Matrícula_Ed_Superior_2025_PUBL_MRUN.csv,cat_periodo
Mineduc,matricula_2025,20260810_Matrícula_Ed_Superior_2025_PUBL_MRUN.csv,id
Mineduc,matricula_2025,20260810_Matrícula_Ed_Superior_2025_PUBL_MRUN.csv,codigo_unico
Mineduc,matricula_2025,20260810_Matrícula_Ed_Superior_2025_PUBL_MRUN.csv,mrun
Mineduc,matricula_2025,20260810_Matrícula_Ed_Superior_2025_PUBL_MRUN.csv,gen_alu
Mineduc,matricula_2025,20260810_Matrícula_Ed_Superior_2025_PUBL_MRUN.csv,fec_nac_alu
Mineduc,matricula_2025,20260810_Matrícula_Ed_Superior_2025_PUBL_MRUN.csv,rango_edad
Mineduc,matricula_2025,20260810_Matrícula_Ed_Superior_2025_PUBL_MRUN.csv,anio_ing_carr_ori
Mineduc,matricula_2025,20260810_Matrícula_Ed_Superior_2025_PUBL_MRUN.csv,sem_ing_carr_ori
Mineduc,matricula_2025,20260810_Matrícula_Ed_Superior_2025_PUBL_MRUN.csv,anio_ing_carr_act
Mineduc,matricula_2025,20260810_Matrícula_Ed_Superior_2025_PUBL_MRUN.csv,sem_ing_carr_act
Mineduc,matricula_2025,20260810_Matrícula_Ed_Superior_2025_PUBL_MRUN.csv,tipo_inst_1
Mineduc,matricula_2025,20260810_Matrícula_Ed_Superior_2025_PUBL_MRUN.csv,tipo_inst_2
Mineduc,matricula_2025,20260810_Matrícula_Ed_Superior_2025_PUBL_MRUN.csv,tipo_inst_3
Mineduc,matricula_2025,20260810_Matrícula_Ed_Superior_2025_PUBL_MRUN.csv,cod_inst
Mineduc,matricula_2025,20260810_Matrícula_Ed_Superior_2025_PUBL_MRUN.csv,nomb_inst
Mineduc,matricula_2025,20260810_Matrícula_Ed_Superior_2025_PUBL_MRUN.csv,cod_sede
Mineduc,matricula_2025,20260810_Matrícula_Ed_Superior_2025_PUBL_MRUN.csv,nomb_sede
Mineduc,matricula_2025,20260810_Matrícula_Ed_Superior_2025_PUBL_MRUN.csv,cod_carrera
Mineduc,matricula_2025,20260810_Matrícula_Ed_Superior_2025_PUBL_MRUN.csv,nomb_carrera
Mineduc,matricula_2025,20260810_Matrícula_Ed_Superior_2025_PUBL_MRUN.csv,modalidad
Mineduc,matricula_2025,20260810_Matrícula_Ed_Superior_2025_PUBL_MRUN.csv,jornada
Mineduc,matricula_2025,20260810_Matrícula_Ed_Superior_2025_PUBL_MRUN.csv,version
Mineduc,matricula_2025,20260810_Matrícula_Ed_Superior_2025_PUBL_MRUN.csv,tipo_plan_carr
Mineduc,matricula_2025,20260810_Matrícula_Ed_Superior_2025_PUBL_MRUN.csv,dur_estudio_carr
Mineduc,matricula_2025,20260810_Matrícula_Ed_Superior_2025_PUBL_MRUN.csv,dur_proceso_tit
Mineduc,matricula_2025,20260810_Matrícula_Ed_Superior_2025_PUBL_MRUN.csv,dur_total_carr
Mineduc,matricula_2025,20260810_Matrícula_Ed_Superior_2025_PUBL_MRUN.csv,region_sede
Mineduc,matricula_2025,20260810_Matrícula_Ed_Superior_2025_PUBL_MRUN.csv,provincia_sede
Mineduc,matricula_2025,20260810_Matrícula_Ed_Superior_2025_PUBL_MRUN.csv,comuna_sede
Mineduc,matricula_2025,20260810_Matrícula_Ed_Superior_2025_PUBL_MRUN.csv,nivel_global
Mineduc,matricula_2025,20260810_Matrícula_Ed_Superior_2025_PUBL_MRUN.csv,nivel_carrera_1
Mineduc,matricula_2025,20260810_Matrícula_Ed_Superior_2025_PUBL_MRUN.csv,nivel_carrera_2
Mineduc,matricula_2025,20260810_Matrícula_Ed_Superior_2025_PUBL_MRUN.csv,requisito_ingreso
Mineduc,matricula_2025,20260810_Matrícula_Ed_Superior_2025_PUBL_MRUN.csv,vigencia_carrera
Mineduc,matricula_2025,20260810_Matrícula_Ed_Superior_2025_PUBL_MRUN.csv,formato_valores
Mineduc,matricula_2025,20260810_Matrícula_Ed_Superior_2025_PUBL_MRUN.csv,valor_matricula
Mineduc,matricula_2025,20260810_Matrícula_Ed_Superior_2025_PUBL_MRUN.csv,valor_arancel
Mineduc,matricula_2025,20260810_Matrícula_Ed_Superior_2025_PUBL_MRUN.csv,codigo_demre
Mineduc,matricula_2025,20260810_Matrícula_Ed_Superior_2025_PUBL_MRUN.csv,area_conocimiento
Mineduc,matricula_2025,20260810_Matrícula_Ed_Superior_2025_PUBL_MRUN.csv,cine_f_97_area
Mineduc,matricula_2025,20260810_Matrícula_Ed_Superior_2025_PUBL_MRUN.csv,cine_f_97_subarea
Mineduc,matricula_2025,20260810_Matrícula_Ed_Superior_2025_PUBL_MRUN.csv,area_carrera_generica
Mineduc,matricula_2025,20260810_Matrícula_Ed_Superior_2025_PUBL_MRUN.csv,cine_f_13_area
Mineduc,matricula_2025,20260810_Matrícula_Ed_Superior_2025_PUBL_MRUN.csv,cine_f_13_subarea
Mineduc,matricula_2025,20260810_Matrícula_Ed_Superior_2025_PUBL_MRUN.csv,acreditada_carr
Mineduc,matricula_2025,20260810_Matrícula_Ed_Superior_2025_PUBL_MRUN.csv,acreditada_inst
Mineduc,matricula_2025,20260810_Matrícula_Ed_Superior_2025_PUBL_MRUN.csv,acre_inst_desde_hasta
Mineduc,matricula_2025,20260810_Matrícula_Ed_Superior_2025_PUBL_MRUN.csv,acre_inst_anio
Mineduc,matricula_2025,20260810_Matrícula_Ed_Superior_2025_PUBL_MRUN.csv,costo_proceso_titulacion
Mineduc,matricula_2025,20260810_Matrícula_Ed_Superior_2025_PUBL_MRUN.csv,costo_obtencion_titulo_diploma
Mineduc,matricula_2025,20260810_Matrícula_Ed_Superior_2025_PUBL_MRUN.csv,forma_ingreso
Mineduc,matricula_2026,20260810_Matrícula_Ed_Superior_2026_PUBL_MRUN.csv,cat_periodo
Mineduc,matricula_2026,20260810_Matrícula_Ed_Superior_2026_PUBL_MRUN.csv,id
Mineduc,matricula_2026,20260810_Matrícula_Ed_Superior_2026_PUBL_MRUN.csv,codigo_unico
Mineduc,matricula_2026,20260810_Matrícula_Ed_Superior_2026_PUBL_MRUN.csv,mrun
Mineduc,matricula_2026,20260810_Matrícula_Ed_Superior_2026_PUBL_MRUN.csv,gen_alu
Mineduc,matricula_2026,20260810_Matrícula_Ed_Superior_2026_PUBL_MRUN.csv,fec_nac_alu
Mineduc,matricula_2026,20260810_Matrícula_Ed_Superior_2026_PUBL_MRUN.csv,rango_edad
Mineduc,matricula_2026,20260810_Matrícula_Ed_Superior_2026_PUBL_MRUN.csv,anio_ing_carr_ori
Mineduc,matricula_2026,20260810_Matrícula_Ed_Superior_2026_PUBL_MRUN.csv,sem_ing_carr_ori
Mineduc,matricula_2026,20260810_Matrícula_Ed_Superior_2026_PUBL_MRUN.csv,anio_ing_carr_act
Mineduc,matricula_2026,20260810_Matrícula_Ed_Superior_2026_PUBL_MRUN.csv,sem_ing_carr_act
Mineduc,matricula_2026,20260810_Matrícula_Ed_Superior_2026_PUBL_MRUN.csv,tipo_inst_1
Mineduc,matricula_2026,20260810_Matrícula_Ed_Superior_2026_PUBL_MRUN.csv,tipo_inst_2
Mineduc,matricula_2026,20260810_Matrícula_Ed_Superior_2026_PUBL_MRUN.csv,tipo_inst_3
Mineduc,matricula_2026,20260810_Matrícula_Ed_Superior_2026_PUBL_MRUN.csv,cod_inst
Mineduc,matricula_2026,20260810_Matrícula_Ed_Superior_2026_PUBL_MRUN.csv,nomb_inst
Mineduc,matricula_2026,20260810_Matrícula_Ed_Superior_2026_PUBL_MRUN.csv,cod_sede
Mineduc,matricula_2026,20260810_Matrícula_Ed_Superior_2026_PUBL_MRUN.csv,nomb_sede
Mineduc,matricula_2026,20260810_Matrícula_Ed_Superior_2026_PUBL_MRUN.csv,cod_carrera
Mineduc,matricula_2026,20260810_Matrícula_Ed_Superior_2026_PUBL_MRUN.csv,nomb_carrera
Mineduc,matricula_2026,20260810_Matrícula_Ed_Superior_2026_PUBL_MRUN.csv,modalidad
Mineduc,matricula_2026,20260810_Matrícula_Ed_Superior_2026_PUBL_MRUN.csv,jornada
Mineduc,matricula_2026,20260810_Matrícula_Ed_Superior_2026_PUBL_MRUN.csv,version
Mineduc,matricula_2026,20260810_Matrícula_Ed_Superior_2026_PUBL_MRUN.csv,tipo_plan_carr
Mineduc,matricula_2026,20260810_Matrícula_Ed_Superior_2026_PUBL_MRUN.csv,dur_estudio_carr
Mineduc,matricula_2026,20260810_Matrícula_Ed_Superior_2026_PUBL_MRUN.csv,dur_proceso_tit
Mineduc,matricula_2026,20260810_Matrícula_Ed_Superior_2026_PUBL_MRUN.csv,dur_total_carr
Mineduc,matricula_2026,20260810_Matrícula_Ed_Superior_2026_PUBL_MRUN.csv,region_sede
Mineduc,matricula_2026,20260810_Matrícula_Ed_Superior_2026_PUBL_MRUN.csv,provincia_sede
Mineduc,matricula_2026,20260810_Matrícula_Ed_Superior_2026_PUBL_MRUN.csv,comuna_sede
Mineduc,matricula_2026,20260810_Matrícula_Ed_Superior_2026_PUBL_MRUN.csv,nivel_global
Mineduc,matricula_2026,20260810_Matrícula_Ed_Superior_2026_PUBL_MRUN.csv,nivel_carrera_1
Mineduc,matricula_2026,20260810_Matrícula_Ed_Superior_2026_PUBL_MRUN.csv,nivel_carrera_2
Mineduc,matricula_2026,20260810_Matrícula_Ed_Superior_2026_PUBL_MRUN.csv,requisito_ingreso
Mineduc,matricula_2026,20260810_Matrícula_Ed_Superior_2026_PUBL_MRUN.csv,vigencia_carrera
Mineduc,matricula_2026,20260810_Matrícula_Ed_Superior_2026_PUBL_MRUN.csv,formato_valores
Mineduc,matricula_2026,20260810_Matrícula_Ed_Superior_2026_PUBL_MRUN.csv,valor_matricula
Mineduc,matricula_2026,20260810_Matrícula_Ed_Superior_2026_PUBL_MRUN.csv,valor_arancel
Mineduc,matricula_2026,20260810_Matrícula_Ed_Superior_2026_PUBL_MRUN.csv,codigo_demre
Mineduc,matricula_2026,20260810_Matrícula_Ed_Superior_2026_PUBL_MRUN.csv,area_conocimiento
Mineduc,matricula_2026,20260810_Matrícula_Ed_Superior_2026_PUBL_MRUN.csv,cine_f_97_area
Mineduc,matricula_2026,20260810_Matrícula_Ed_Superior_2026_PUBL_MRUN.csv,cine_f_97_subarea
Mineduc,matricula_2026,20260810_Matrícula_Ed_Superior_2026_PUBL_MRUN.csv,area_carrera_generica
Mineduc,matricula_2026,20260810_Matrícula_Ed_Superior_2026_PUBL_MRUN.csv,cine_f_13_area
Mineduc,matricula_2026,20260810_Matrícula_Ed_Superior_2026_PUBL_MRUN.csv,cine_f_13_subarea
Mineduc,matricula_2026,20260810_Matrícula_Ed_Superior_2026_PUBL_MRUN.csv,acreditada_carr
Mineduc,matricula_2026,20260810_Matrícula_Ed_Superior_2026_PUBL_MRUN.csv,acreditada_inst
Mineduc,matricula_2026,20260810_Matrícula_Ed_Superior_2026_PUBL_MRUN.csv,acre_inst_desde_hasta
Mineduc,matricula_2026,20260810_Matrícula_Ed_Superior_2026_PUBL_MRUN.csv,acre_inst_anio
Mineduc,matricula_2026,20260810_Matrícula_Ed_Superior_2026_PUBL_MRUN.csv,costo_proceso_titulacion
Mineduc,matricula_2026,20260810_Matrícula_Ed_Superior_2026_PUBL_MRUN.csv,costo_obtencion_titulo_diploma
Mineduc,matricula_2026,20260810_Matrícula_Ed_Superior_2026_PUBL_MRUN.csv,forma_ingreso
Mineduc,paes_2021_puntajes,A_INSCRITOS_PUNTAJES_PDT_2021_PUB_MRUN.csv,MRUN
Mineduc,paes_2021_puntajes,A_INSCRITOS_PUNTAJES_PDT_2021_PUB_MRUN.csv,ANYO_PROCESO
Mineduc,paes_2021_puntajes,A_INSCRITOS_PUNTAJES_PDT_2021_PUB_MRUN.csv,COD_SEXO
Mineduc,paes_2021_puntajes,A_INSCRITOS_PUNTAJES_PDT_2021_PUB_MRUN.csv,FECHA_NACIMIENTO
Mineduc,paes_2021_puntajes,A_INSCRITOS_PUNTAJES_PDT_2021_PUB_MRUN.csv,RBD
Mineduc,paes_2021_puntajes,A_INSCRITOS_PUNTAJES_PDT_2021_PUB_MRUN.csv,CODIGO_ENS
Mineduc,paes_2021_puntajes,A_INSCRITOS_PUNTAJES_PDT_2021_PUB_MRUN.csv,LOCAL_EDUCACIONAL
Mineduc,paes_2021_puntajes,A_INSCRITOS_PUNTAJES_PDT_2021_PUB_MRUN.csv,UNIDAD_EDUCATIVA
Mineduc,paes_2021_puntajes,A_INSCRITOS_PUNTAJES_PDT_2021_PUB_MRUN.csv,NOMBRE_UNIDAD_EDUC
Mineduc,paes_2021_puntajes,A_INSCRITOS_PUNTAJES_PDT_2021_PUB_MRUN.csv,RAMA_EDUCACIONAL
Mineduc,paes_2021_puntajes,A_INSCRITOS_PUNTAJES_PDT_2021_PUB_MRUN.csv,DEPENDENCIA
Mineduc,paes_2021_puntajes,A_INSCRITOS_PUNTAJES_PDT_2021_PUB_MRUN.csv,CODIGO_REGION_EGRESO
Mineduc,paes_2021_puntajes,A_INSCRITOS_PUNTAJES_PDT_2021_PUB_MRUN.csv,NOMBRE_REGION_EGRESO
Mineduc,paes_2021_puntajes,A_INSCRITOS_PUNTAJES_PDT_2021_PUB_MRUN.csv,CODIGO_PROVINCIA_EGRESO
Mineduc,paes_2021_puntajes,A_INSCRITOS_PUNTAJES_PDT_2021_PUB_MRUN.csv,NOMBRE_PROVINCIA_EGRESO
Mineduc,paes_2021_puntajes,A_INSCRITOS_PUNTAJES_PDT_2021_PUB_MRUN.csv,CODIGO_COMUNA_EGRESO
Mineduc,paes_2021_puntajes,A_INSCRITOS_PUNTAJES_PDT_2021_PUB_MRUN.csv,NOMBRE_COMUNA_EGRESO
Mineduc,paes_2021_puntajes,A_INSCRITOS_PUNTAJES_PDT_2021_PUB_MRUN.csv,ANYO_DE_EGRESO
Mineduc,paes_2021_puntajes,A_INSCRITOS_PUNTAJES_PDT_2021_PUB_MRUN.csv,PROMEDIO_NOTAS
Mineduc,paes_2021_puntajes,A_INSCRITOS_PUNTAJES_PDT_2021_PUB_MRUN.csv,PTJE_NEM
Mineduc,paes_2021_puntajes,A_INSCRITOS_PUNTAJES_PDT_2021_PUB_MRUN.csv,PORC_SUP_NOTAS
Mineduc,paes_2021_puntajes,A_INSCRITOS_PUNTAJES_PDT_2021_PUB_MRUN.csv,PTJE_RANKING
Mineduc,paes_2021_puntajes,A_INSCRITOS_PUNTAJES_PDT_2021_PUB_MRUN.csv,CLEC_ACTUAL
Mineduc,paes_2021_puntajes,A_INSCRITOS_PUNTAJES_PDT_2021_PUB_MRUN.csv,MATE_ACTUAL
Mineduc,paes_2021_puntajes,A_INSCRITOS_PUNTAJES_PDT_2021_PUB_MRUN.csv,HCSO_ACTUAL
Mineduc,paes_2021_puntajes,A_INSCRITOS_PUNTAJES_PDT_2021_PUB_MRUN.csv,CIEN_ACTUAL
Mineduc,paes_2021_puntajes,A_INSCRITOS_PUNTAJES_PDT_2021_PUB_MRUN.csv,PROM_CM_ACTUAL
Mineduc,paes_2021_puntajes,A_INSCRITOS_PUNTAJES_PDT_2021_PUB_MRUN.csv,PERCENTIL_CM_ACTUAL
Mineduc,paes_2021_puntajes,A_INSCRITOS_PUNTAJES_PDT_2021_PUB_MRUN.csv,BEA
Mineduc,paes_2021_puntajes,A_INSCRITOS_PUNTAJES_PDT_2021_PUB_MRUN.csv,LENG_ANTERIOR
Mineduc,paes_2021_puntajes,A_INSCRITOS_PUNTAJES_PDT_2021_PUB_MRUN.csv,MATE_ANTERIOR
Mineduc,paes_2021_puntajes,A_INSCRITOS_PUNTAJES_PDT_2021_PUB_MRUN.csv,HCSO_ANTERIOR
Mineduc,paes_2021_puntajes,A_INSCRITOS_PUNTAJES_PDT_2021_PUB_MRUN.csv,CIEN_ANTERIOR
Mineduc,paes_2021_puntajes,A_INSCRITOS_PUNTAJES_PDT_2021_PUB_MRUN.csv,PROMLM_ANTERIOR
Mineduc,paes_2021_puntajes,A_INSCRITOS_PUNTAJES_PDT_2021_PUB_MRUN.csv,PERCENTIL_LM_ANTERIOR
Mineduc,paes_2021_puntajes,A_INSCRITOS_PUNTAJES_PDT_2021_PUB_MRUN.csv,PUNTAJES_PROCESO
Mineduc,paes_2021_puntajes,A_INSCRITOS_PUNTAJES_PDT_2021_PUB_MRUN.csv,TIPO_RENDICION
Mineduc,paes_2021_puntajes,A_INSCRITOS_PUNTAJES_PDT_2021_PUB_MRUN.csv,PRUEBA_CL
Mineduc,paes_2021_puntajes,A_INSCRITOS_PUNTAJES_PDT_2021_PUB_MRUN.csv,FORMA_CL
Mineduc,paes_2021_puntajes,A_INSCRITOS_PUNTAJES_PDT_2021_PUB_MRUN.csv,CORRECTAS_CL
Mineduc,paes_2021_puntajes,A_INSCRITOS_PUNTAJES_PDT_2021_PUB_MRUN.csv,ERRADAS_CL
Mineduc,paes_2021_puntajes,A_INSCRITOS_PUNTAJES_PDT_2021_PUB_MRUN.csv,OMITIDAS_CL
Mineduc,paes_2021_puntajes,A_INSCRITOS_PUNTAJES_PDT_2021_PUB_MRUN.csv,PRUEBA_MATE
Mineduc,paes_2021_puntajes,A_INSCRITOS_PUNTAJES_PDT_2021_PUB_MRUN.csv,FORMA_MATE
Mineduc,paes_2021_puntajes,A_INSCRITOS_PUNTAJES_PDT_2021_PUB_MRUN.csv,CORRECTAS_MATE
Mineduc,paes_2021_puntajes,A_INSCRITOS_PUNTAJES_PDT_2021_PUB_MRUN.csv,ERRADAS_MATE
Mineduc,paes_2021_puntajes,A_INSCRITOS_PUNTAJES_PDT_2021_PUB_MRUN.csv,OMITIDAS_MATE
Mineduc,paes_2021_puntajes,A_INSCRITOS_PUNTAJES_PDT_2021_PUB_MRUN.csv,PRUEBA_HCS
Mineduc,paes_2021_puntajes,A_INSCRITOS_PUNTAJES_PDT_2021_PUB_MRUN.csv,FORMA_HCS
Mineduc,paes_2021_puntajes,A_INSCRITOS_PUNTAJES_PDT_2021_PUB_MRUN.csv,CORRECTAS_HCS
Mineduc,paes_2021_puntajes,A_INSCRITOS_PUNTAJES_PDT_2021_PUB_MRUN.csv,ERRADAS_HCS
Mineduc,paes_2021_puntajes,A_INSCRITOS_PUNTAJES_PDT_2021_PUB_MRUN.csv,OMITIDAS_HCS
Mineduc,paes_2021_puntajes,A_INSCRITOS_PUNTAJES_PDT_2021_PUB_MRUN.csv,PRUEBA_CBIO
Mineduc,paes_2021_puntajes,A_INSCRITOS_PUNTAJES_PDT_2021_PUB_MRUN.csv,FORMA_CBIO
Mineduc,paes_2021_puntajes,A_INSCRITOS_PUNTAJES_PDT_2021_PUB_MRUN.csv,CORRECTAS_CBIO
Mineduc,paes_2021_puntajes,A_INSCRITOS_PUNTAJES_PDT_2021_PUB_MRUN.csv,ERRADAS_CBIO
Mineduc,paes_2021_puntajes,A_INSCRITOS_PUNTAJES_PDT_2021_PUB_MRUN.csv,OMITIDAS_CBIO
Mineduc,paes_2021_puntajes,A_INSCRITOS_PUNTAJES_PDT_2021_PUB_MRUN.csv,PRUEBA_CFIS
Mineduc,paes_2021_puntajes,A_INSCRITOS_PUNTAJES_PDT_2021_PUB_MRUN.csv,FORMA_CFIS
Mineduc,paes_2021_puntajes,A_INSCRITOS_PUNTAJES_PDT_2021_PUB_MRUN.csv,CORRECTAS_CFIS
Mineduc,paes_2021_puntajes,A_INSCRITOS_PUNTAJES_PDT_2021_PUB_MRUN.csv,ERRADAS_CFIS
Mineduc,paes_2021_puntajes,A_INSCRITOS_PUNTAJES_PDT_2021_PUB_MRUN.csv,OMITIDAS_CFIS
Mineduc,paes_2021_puntajes,A_INSCRITOS_PUNTAJES_PDT_2021_PUB_MRUN.csv,PRUEBA_CQUI
Mineduc,paes_2021_puntajes,A_INSCRITOS_PUNTAJES_PDT_2021_PUB_MRUN.csv,FORMA_CQUI
Mineduc,paes_2021_puntajes,A_INSCRITOS_PUNTAJES_PDT_2021_PUB_MRUN.csv,CORRECTAS_CQUI
Mineduc,paes_2021_puntajes,A_INSCRITOS_PUNTAJES_PDT_2021_PUB_MRUN.csv,ERRADAS_CQUI
Mineduc,paes_2021_puntajes,A_INSCRITOS_PUNTAJES_PDT_2021_PUB_MRUN.csv,OMITIDAS_CQUI
Mineduc,paes_2021_puntajes,A_INSCRITOS_PUNTAJES_PDT_2021_PUB_MRUN.csv,PRUEBA_CTP
Mineduc,paes_2021_puntajes,A_INSCRITOS_PUNTAJES_PDT_2021_PUB_MRUN.csv,FORMA_CTP
Mineduc,paes_2021_puntajes,A_INSCRITOS_PUNTAJES_PDT_2021_PUB_MRUN.csv,CORRECTAS_CTP
Mineduc,paes_2021_puntajes,A_INSCRITOS_PUNTAJES_PDT_2021_PUB_MRUN.csv,ERRADAS_CTP
Mineduc,paes_2021_puntajes,A_INSCRITOS_PUNTAJES_PDT_2021_PUB_MRUN.csv,OMITIDAS_CTP
Mineduc,paes_2022_puntajes,A_INSCRITOS_PUNTAJES_PDT_2022_PUB_MRUN.csv,MRUN
Mineduc,paes_2022_puntajes,A_INSCRITOS_PUNTAJES_PDT_2022_PUB_MRUN.csv,ANYO_PROCESO
Mineduc,paes_2022_puntajes,A_INSCRITOS_PUNTAJES_PDT_2022_PUB_MRUN.csv,COD_SEXO
Mineduc,paes_2022_puntajes,A_INSCRITOS_PUNTAJES_PDT_2022_PUB_MRUN.csv,FECHA_NACIMIENTO
Mineduc,paes_2022_puntajes,A_INSCRITOS_PUNTAJES_PDT_2022_PUB_MRUN.csv,RBD
Mineduc,paes_2022_puntajes,A_INSCRITOS_PUNTAJES_PDT_2022_PUB_MRUN.csv,CODIGO_ENS
Mineduc,paes_2022_puntajes,A_INSCRITOS_PUNTAJES_PDT_2022_PUB_MRUN.csv,LOCAL_EDUCACIONAL
Mineduc,paes_2022_puntajes,A_INSCRITOS_PUNTAJES_PDT_2022_PUB_MRUN.csv,UNIDAD_EDUCATIVA
Mineduc,paes_2022_puntajes,A_INSCRITOS_PUNTAJES_PDT_2022_PUB_MRUN.csv,NOMBRE_UNIDAD_EDUC
Mineduc,paes_2022_puntajes,A_INSCRITOS_PUNTAJES_PDT_2022_PUB_MRUN.csv,RAMA_EDUCACIONAL
Mineduc,paes_2022_puntajes,A_INSCRITOS_PUNTAJES_PDT_2022_PUB_MRUN.csv,DEPENDENCIA
Mineduc,paes_2022_puntajes,A_INSCRITOS_PUNTAJES_PDT_2022_PUB_MRUN.csv,CODIGO_REGION_EGRESO
Mineduc,paes_2022_puntajes,A_INSCRITOS_PUNTAJES_PDT_2022_PUB_MRUN.csv,NOMBRE_REGION_EGRESO
Mineduc,paes_2022_puntajes,A_INSCRITOS_PUNTAJES_PDT_2022_PUB_MRUN.csv,CODIGO_PROVINCIA_EGRESO
Mineduc,paes_2022_puntajes,A_INSCRITOS_PUNTAJES_PDT_2022_PUB_MRUN.csv,NOMBRE_PROVINCIA_EGRESO
Mineduc,paes_2022_puntajes,A_INSCRITOS_PUNTAJES_PDT_2022_PUB_MRUN.csv,CODIGO_COMUNA_EGRESO
Mineduc,paes_2022_puntajes,A_INSCRITOS_PUNTAJES_PDT_2022_PUB_MRUN.csv,NOMBRE_COMUNA_EGRESO
Mineduc,paes_2022_puntajes,A_INSCRITOS_PUNTAJES_PDT_2022_PUB_MRUN.csv,ANYO_DE_EGRESO
Mineduc,paes_2022_puntajes,A_INSCRITOS_PUNTAJES_PDT_2022_PUB_MRUN.csv,PROMEDIO_NOTAS
Mineduc,paes_2022_puntajes,A_INSCRITOS_PUNTAJES_PDT_2022_PUB_MRUN.csv,PTJE_NEM
Mineduc,paes_2022_puntajes,A_INSCRITOS_PUNTAJES_PDT_2022_PUB_MRUN.csv,PORC_SUP_NOTAS
Mineduc,paes_2022_puntajes,A_INSCRITOS_PUNTAJES_PDT_2022_PUB_MRUN.csv,PTJE_RANKING
Mineduc,paes_2022_puntajes,A_INSCRITOS_PUNTAJES_PDT_2022_PUB_MRUN.csv,CLEC_ACTUAL
Mineduc,paes_2022_puntajes,A_INSCRITOS_PUNTAJES_PDT_2022_PUB_MRUN.csv,MATE_ACTUAL
Mineduc,paes_2022_puntajes,A_INSCRITOS_PUNTAJES_PDT_2022_PUB_MRUN.csv,HCSO_ACTUAL
Mineduc,paes_2022_puntajes,A_INSCRITOS_PUNTAJES_PDT_2022_PUB_MRUN.csv,CIEN_ACTUAL
Mineduc,paes_2022_puntajes,A_INSCRITOS_PUNTAJES_PDT_2022_PUB_MRUN.csv,PROM_CM_ACTUAL
Mineduc,paes_2022_puntajes,A_INSCRITOS_PUNTAJES_PDT_2022_PUB_MRUN.csv,PERCENTIL_CM_ACTUAL
Mineduc,paes_2022_puntajes,A_INSCRITOS_PUNTAJES_PDT_2022_PUB_MRUN.csv,BEA
Mineduc,paes_2022_puntajes,A_INSCRITOS_PUNTAJES_PDT_2022_PUB_MRUN.csv,CLEC_ANTERIOR
Mineduc,paes_2022_puntajes,A_INSCRITOS_PUNTAJES_PDT_2022_PUB_MRUN.csv,MATE_ANTERIOR
Mineduc,paes_2022_puntajes,A_INSCRITOS_PUNTAJES_PDT_2022_PUB_MRUN.csv,HCSO_ANTERIOR
Mineduc,paes_2022_puntajes,A_INSCRITOS_PUNTAJES_PDT_2022_PUB_MRUN.csv,CIEN_ANTERIOR
Mineduc,paes_2022_puntajes,A_INSCRITOS_PUNTAJES_PDT_2022_PUB_MRUN.csv,PROM_CM_ANTERIOR
Mineduc,paes_2022_puntajes,A_INSCRITOS_PUNTAJES_PDT_2022_PUB_MRUN.csv,PERCENTIL_CM_ANTERIOR
Mineduc,paes_2022_puntajes,A_INSCRITOS_PUNTAJES_PDT_2022_PUB_MRUN.csv,PUNTAJES_PROCESO
Mineduc,paes_2022_puntajes,A_INSCRITOS_PUNTAJES_PDT_2022_PUB_MRUN.csv,PRUEBA_CL
Mineduc,paes_2022_puntajes,A_INSCRITOS_PUNTAJES_PDT_2022_PUB_MRUN.csv,FORMA_CL
Mineduc,paes_2022_puntajes,A_INSCRITOS_PUNTAJES_PDT_2022_PUB_MRUN.csv,CORRECTAS_CL
Mineduc,paes_2022_puntajes,A_INSCRITOS_PUNTAJES_PDT_2022_PUB_MRUN.csv,ERRADAS_CL
Mineduc,paes_2022_puntajes,A_INSCRITOS_PUNTAJES_PDT_2022_PUB_MRUN.csv,OMITIDAS_CL
Mineduc,paes_2022_puntajes,A_INSCRITOS_PUNTAJES_PDT_2022_PUB_MRUN.csv,PRUEBA_MATE
Mineduc,paes_2022_puntajes,A_INSCRITOS_PUNTAJES_PDT_2022_PUB_MRUN.csv,FORMA_MATE
Mineduc,paes_2022_puntajes,A_INSCRITOS_PUNTAJES_PDT_2022_PUB_MRUN.csv,CORRECTAS_MATE
Mineduc,paes_2022_puntajes,A_INSCRITOS_PUNTAJES_PDT_2022_PUB_MRUN.csv,ERRADAS_MATE
Mineduc,paes_2022_puntajes,A_INSCRITOS_PUNTAJES_PDT_2022_PUB_MRUN.csv,OMITIDAS_MATE
Mineduc,paes_2022_puntajes,A_INSCRITOS_PUNTAJES_PDT_2022_PUB_MRUN.csv,PRUEBA_HCS
Mineduc,paes_2022_puntajes,A_INSCRITOS_PUNTAJES_PDT_2022_PUB_MRUN.csv,FORMA_HCS
Mineduc,paes_2022_puntajes,A_INSCRITOS_PUNTAJES_PDT_2022_PUB_MRUN.csv,CORRECTAS_HCS
Mineduc,paes_2022_puntajes,A_INSCRITOS_PUNTAJES_PDT_2022_PUB_MRUN.csv,ERRADAS_HCS
Mineduc,paes_2022_puntajes,A_INSCRITOS_PUNTAJES_PDT_2022_PUB_MRUN.csv,OMITIDAS_HCS
Mineduc,paes_2022_puntajes,A_INSCRITOS_PUNTAJES_PDT_2022_PUB_MRUN.csv,PRUEBA_CBIO
Mineduc,paes_2022_puntajes,A_INSCRITOS_PUNTAJES_PDT_2022_PUB_MRUN.csv,FORMA_CBIO
Mineduc,paes_2022_puntajes,A_INSCRITOS_PUNTAJES_PDT_2022_PUB_MRUN.csv,CORRECTAS_CBIO
Mineduc,paes_2022_puntajes,A_INSCRITOS_PUNTAJES_PDT_2022_PUB_MRUN.csv,ERRADAS_CBIO
Mineduc,paes_2022_puntajes,A_INSCRITOS_PUNTAJES_PDT_2022_PUB_MRUN.csv,OMITIDAS_CBIO
Mineduc,paes_2022_puntajes,A_INSCRITOS_PUNTAJES_PDT_2022_PUB_MRUN.csv,PRUEBA_CFIS
Mineduc,paes_2022_puntajes,A_INSCRITOS_PUNTAJES_PDT_2022_PUB_MRUN.csv,FORMA_CFIS
Mineduc,paes_2022_puntajes,A_INSCRITOS_PUNTAJES_PDT_2022_PUB_MRUN.csv,CORRECTAS_CFIS
Mineduc,paes_2022_puntajes,A_INSCRITOS_PUNTAJES_PDT_2022_PUB_MRUN.csv,ERRADAS_CFIS
Mineduc,paes_2022_puntajes,A_INSCRITOS_PUNTAJES_PDT_2022_PUB_MRUN.csv,OMITIDAS_CFIS
Mineduc,paes_2022_puntajes,A_INSCRITOS_PUNTAJES_PDT_2022_PUB_MRUN.csv,PRUEBA_CQUI
Mineduc,paes_2022_puntajes,A_INSCRITOS_PUNTAJES_PDT_2022_PUB_MRUN.csv,FORMA_CQUI
Mineduc,paes_2022_puntajes,A_INSCRITOS_PUNTAJES_PDT_2022_PUB_MRUN.csv,CORRECTAS_CQUI
Mineduc,paes_2022_puntajes,A_INSCRITOS_PUNTAJES_PDT_2022_PUB_MRUN.csv,ERRADAS_CQUI
Mineduc,paes_2022_puntajes,A_INSCRITOS_PUNTAJES_PDT_2022_PUB_MRUN.csv,OMITIDAS_CQUI
Mineduc,paes_2022_puntajes,A_INSCRITOS_PUNTAJES_PDT_2022_PUB_MRUN.csv,PRUEBA_CTP
Mineduc,paes_2022_puntajes,A_INSCRITOS_PUNTAJES_PDT_2022_PUB_MRUN.csv,FORMA_CTP
Mineduc,paes_2022_puntajes,A_INSCRITOS_PUNTAJES_PDT_2022_PUB_MRUN.csv,CORRECTAS_CTP
Mineduc,paes_2022_puntajes,A_INSCRITOS_PUNTAJES_PDT_2022_PUB_MRUN.csv,ERRADAS_CTP
Mineduc,paes_2022_puntajes,A_INSCRITOS_PUNTAJES_PDT_2022_PUB_MRUN.csv,OMITIDAS_CTP
Mineduc,paes_2023_puntajes,A_INSCRITOS_PUNTAJES_2023_PAES_PUB_MRUN.csv,MRUN
Mineduc,paes_2023_puntajes,A_INSCRITOS_PUNTAJES_2023_PAES_PUB_MRUN.csv,ANYO_PROCESO
Mineduc,paes_2023_puntajes,A_INSCRITOS_PUNTAJES_2023_PAES_PUB_MRUN.csv,COD_SEXO
Mineduc,paes_2023_puntajes,A_INSCRITOS_PUNTAJES_2023_PAES_PUB_MRUN.csv,FECHA_NACIMIENTO
Mineduc,paes_2023_puntajes,A_INSCRITOS_PUNTAJES_2023_PAES_PUB_MRUN.csv,RBD
Mineduc,paes_2023_puntajes,A_INSCRITOS_PUNTAJES_2023_PAES_PUB_MRUN.csv,CODIGO_ENS
Mineduc,paes_2023_puntajes,A_INSCRITOS_PUNTAJES_2023_PAES_PUB_MRUN.csv,LOCAL_EDUCACIONAL
Mineduc,paes_2023_puntajes,A_INSCRITOS_PUNTAJES_2023_PAES_PUB_MRUN.csv,UNIDAD_EDUCATIVA
Mineduc,paes_2023_puntajes,A_INSCRITOS_PUNTAJES_2023_PAES_PUB_MRUN.csv,NOMBRE_UNIDAD_EDUC
Mineduc,paes_2023_puntajes,A_INSCRITOS_PUNTAJES_2023_PAES_PUB_MRUN.csv,RAMA_EDUCACIONAL
Mineduc,paes_2023_puntajes,A_INSCRITOS_PUNTAJES_2023_PAES_PUB_MRUN.csv,DEPENDENCIA
Mineduc,paes_2023_puntajes,A_INSCRITOS_PUNTAJES_2023_PAES_PUB_MRUN.csv,CODIGO_REGION_EGRESO
Mineduc,paes_2023_puntajes,A_INSCRITOS_PUNTAJES_2023_PAES_PUB_MRUN.csv,NOMBRE_REGION_EGRESO
Mineduc,paes_2023_puntajes,A_INSCRITOS_PUNTAJES_2023_PAES_PUB_MRUN.csv,CODIGO_PROVINCIA_EGRESO
Mineduc,paes_2023_puntajes,A_INSCRITOS_PUNTAJES_2023_PAES_PUB_MRUN.csv,NOMBRE_PROVINCIA_EGRESO
Mineduc,paes_2023_puntajes,A_INSCRITOS_PUNTAJES_2023_PAES_PUB_MRUN.csv,CODIGO_COMUNA_EGRESO
Mineduc,paes_2023_puntajes,A_INSCRITOS_PUNTAJES_2023_PAES_PUB_MRUN.csv,NOMBRE_COMUNA_EGRESO
Mineduc,paes_2023_puntajes,A_INSCRITOS_PUNTAJES_2023_PAES_PUB_MRUN.csv,ANYO_DE_EGRESO
Mineduc,paes_2023_puntajes,A_INSCRITOS_PUNTAJES_2023_PAES_PUB_MRUN.csv,PROMEDIO_NOTAS
Mineduc,paes_2023_puntajes,A_INSCRITOS_PUNTAJES_2023_PAES_PUB_MRUN.csv,PTJE_NEM
Mineduc,paes_2023_puntajes,A_INSCRITOS_PUNTAJES_2023_PAES_PUB_MRUN.csv,PORC_SUP_NOTAS
Mineduc,paes_2023_puntajes,A_INSCRITOS_PUNTAJES_2023_PAES_PUB_MRUN.csv,PTJE_RANKING
Mineduc,paes_2023_puntajes,A_INSCRITOS_PUNTAJES_2023_PAES_PUB_MRUN.csv,CLEC_REG_ACTUAL
Mineduc,paes_2023_puntajes,A_INSCRITOS_PUNTAJES_2023_PAES_PUB_MRUN.csv,MATE1_REG_ACTUAL
Mineduc,paes_2023_puntajes,A_INSCRITOS_PUNTAJES_2023_PAES_PUB_MRUN.csv,MATE2_REG_ACTUAL
Mineduc,paes_2023_puntajes,A_INSCRITOS_PUNTAJES_2023_PAES_PUB_MRUN.csv,HCSOC_REG_ACTUAL
Mineduc,paes_2023_puntajes,A_INSCRITOS_PUNTAJES_2023_PAES_PUB_MRUN.csv,CIEN_REG_ACTUAL
Mineduc,paes_2023_puntajes,A_INSCRITOS_PUNTAJES_2023_PAES_PUB_MRUN.csv,CLEC_INV_ACTUAL
Mineduc,paes_2023_puntajes,A_INSCRITOS_PUNTAJES_2023_PAES_PUB_MRUN.csv,MATE_INV_ACTUAL
Mineduc,paes_2023_puntajes,A_INSCRITOS_PUNTAJES_2023_PAES_PUB_MRUN.csv,HCSOC_INV_ACTUAL
Mineduc,paes_2023_puntajes,A_INSCRITOS_PUNTAJES_2023_PAES_PUB_MRUN.csv,CIEN_INV_ACTUAL
Mineduc,paes_2023_puntajes,A_INSCRITOS_PUNTAJES_2023_PAES_PUB_MRUN.csv,CLEC_REG_ANTERIOR
Mineduc,paes_2023_puntajes,A_INSCRITOS_PUNTAJES_2023_PAES_PUB_MRUN.csv,MATE_REG_ANTERIOR
Mineduc,paes_2023_puntajes,A_INSCRITOS_PUNTAJES_2023_PAES_PUB_MRUN.csv,HCSOC_REG_ANTERIOR
Mineduc,paes_2023_puntajes,A_INSCRITOS_PUNTAJES_2023_PAES_PUB_MRUN.csv,CIEN_REG_ANTERIOR
Mineduc,paes_2023_puntajes,A_INSCRITOS_PUNTAJES_2023_PAES_PUB_MRUN.csv,PROMEDIO_CM_MAX
Mineduc,paes_2023_puntajes,A_INSCRITOS_PUNTAJES_2023_PAES_PUB_MRUN.csv,CLEC_MAX
Mineduc,paes_2023_puntajes,A_INSCRITOS_PUNTAJES_2023_PAES_PUB_MRUN.csv,MATE1_MAX
Mineduc,paes_2023_puntajes,A_INSCRITOS_PUNTAJES_2023_PAES_PUB_MRUN.csv,MATE2_MAX
Mineduc,paes_2023_puntajes,A_INSCRITOS_PUNTAJES_2023_PAES_PUB_MRUN.csv,HCSOC_MAX
Mineduc,paes_2023_puntajes,A_INSCRITOS_PUNTAJES_2023_PAES_PUB_MRUN.csv,CIEN_MAX
Mineduc,paes_2023_puntajes,A_INSCRITOS_PUNTAJES_2023_PAES_PUB_MRUN.csv,RINDIO_PROCESO_ANTERIOR
Mineduc,paes_2023_puntajes,A_INSCRITOS_PUNTAJES_2023_PAES_PUB_MRUN.csv,RINDIO_PROCESO_ACTUAL
Mineduc,paes_2023_puntajes,A_INSCRITOS_PUNTAJES_2023_PAES_PUB_MRUN.csv,PRUEBA_REG_CL
Mineduc,paes_2023_puntajes,A_INSCRITOS_PUNTAJES_2023_PAES_PUB_MRUN.csv,FORMA_REG_CL
Mineduc,paes_2023_puntajes,A_INSCRITOS_PUNTAJES_2023_PAES_PUB_MRUN.csv,CORRECTAS_REG_CL
Mineduc,paes_2023_puntajes,A_INSCRITOS_PUNTAJES_2023_PAES_PUB_MRUN.csv,ERRADAS_REG_CL
Mineduc,paes_2023_puntajes,A_INSCRITOS_PUNTAJES_2023_PAES_PUB_MRUN.csv,OMITIDAS_REG_CL
Mineduc,paes_2023_puntajes,A_INSCRITOS_PUNTAJES_2023_PAES_PUB_MRUN.csv,PRUEBA_REG_M1
Mineduc,paes_2023_puntajes,A_INSCRITOS_PUNTAJES_2023_PAES_PUB_MRUN.csv,FORMA_REG_M1
Mineduc,paes_2023_puntajes,A_INSCRITOS_PUNTAJES_2023_PAES_PUB_MRUN.csv,CORRECTAS_REG_M1
Mineduc,paes_2023_puntajes,A_INSCRITOS_PUNTAJES_2023_PAES_PUB_MRUN.csv,ERRADAS_REG_M1
Mineduc,paes_2023_puntajes,A_INSCRITOS_PUNTAJES_2023_PAES_PUB_MRUN.csv,OMITIDAS_REG_M1
Mineduc,paes_2023_puntajes,A_INSCRITOS_PUNTAJES_2023_PAES_PUB_MRUN.csv,PRUEBA_REG_M2
Mineduc,paes_2023_puntajes,A_INSCRITOS_PUNTAJES_2023_PAES_PUB_MRUN.csv,FORMA_REG_M2
Mineduc,paes_2023_puntajes,A_INSCRITOS_PUNTAJES_2023_PAES_PUB_MRUN.csv,CORRECTAS_REG_M2
Mineduc,paes_2023_puntajes,A_INSCRITOS_PUNTAJES_2023_PAES_PUB_MRUN.csv,ERRADAS_REG_M2
Mineduc,paes_2023_puntajes,A_INSCRITOS_PUNTAJES_2023_PAES_PUB_MRUN.csv,OMITIDAS_REG_M2
Mineduc,paes_2023_puntajes,A_INSCRITOS_PUNTAJES_2023_PAES_PUB_MRUN.csv,PRUEBA_REG_HCS
Mineduc,paes_2023_puntajes,A_INSCRITOS_PUNTAJES_2023_PAES_PUB_MRUN.csv,FORMA_REG_HCS
Mineduc,paes_2023_puntajes,A_INSCRITOS_PUNTAJES_2023_PAES_PUB_MRUN.csv,CORRECTAS_REG_HCS
Mineduc,paes_2023_puntajes,A_INSCRITOS_PUNTAJES_2023_PAES_PUB_MRUN.csv,ERRADAS_REG_HCS
Mineduc,paes_2023_puntajes,A_INSCRITOS_PUNTAJES_2023_PAES_PUB_MRUN.csv,OMITIDAS_REG_HCS
Mineduc,paes_2023_puntajes,A_INSCRITOS_PUNTAJES_2023_PAES_PUB_MRUN.csv,PRUEBA_REG_CBIO
Mineduc,paes_2023_puntajes,A_INSCRITOS_PUNTAJES_2023_PAES_PUB_MRUN.csv,FORMA_REG_CBIO
Mineduc,paes_2023_puntajes,A_INSCRITOS_PUNTAJES_2023_PAES_PUB_MRUN.csv,CORRECTAS_REG_CBIO
Mineduc,paes_2023_puntajes,A_INSCRITOS_PUNTAJES_2023_PAES_PUB_MRUN.csv,ERRADAS_REG_CBIO
Mineduc,paes_2023_puntajes,A_INSCRITOS_PUNTAJES_2023_PAES_PUB_MRUN.csv,OMITIDAS_REG_CBIO
Mineduc,paes_2023_puntajes,A_INSCRITOS_PUNTAJES_2023_PAES_PUB_MRUN.csv,PRUEBA_REG_CFIS
Mineduc,paes_2023_puntajes,A_INSCRITOS_PUNTAJES_2023_PAES_PUB_MRUN.csv,FORMA_REG_CFIS
Mineduc,paes_2023_puntajes,A_INSCRITOS_PUNTAJES_2023_PAES_PUB_MRUN.csv,CORRECTAS_REG_CFIS
Mineduc,paes_2023_puntajes,A_INSCRITOS_PUNTAJES_2023_PAES_PUB_MRUN.csv,ERRADAS_REG_CFIS
Mineduc,paes_2023_puntajes,A_INSCRITOS_PUNTAJES_2023_PAES_PUB_MRUN.csv,OMITIDAS_REG_CFIS
Mineduc,paes_2023_puntajes,A_INSCRITOS_PUNTAJES_2023_PAES_PUB_MRUN.csv,PRUEBA_REG_CQUI
Mineduc,paes_2023_puntajes,A_INSCRITOS_PUNTAJES_2023_PAES_PUB_MRUN.csv,FORMA_REG_CQUI
Mineduc,paes_2023_puntajes,A_INSCRITOS_PUNTAJES_2023_PAES_PUB_MRUN.csv,CORRECTAS_REG_CQUI
Mineduc,paes_2023_puntajes,A_INSCRITOS_PUNTAJES_2023_PAES_PUB_MRUN.csv,ERRADAS_REG_CQUI
Mineduc,paes_2023_puntajes,A_INSCRITOS_PUNTAJES_2023_PAES_PUB_MRUN.csv,OMITIDAS_REG_CQUI
Mineduc,paes_2023_puntajes,A_INSCRITOS_PUNTAJES_2023_PAES_PUB_MRUN.csv,PRUEBA_REG_CTP
Mineduc,paes_2023_puntajes,A_INSCRITOS_PUNTAJES_2023_PAES_PUB_MRUN.csv,FORMA_REG_CTP
Mineduc,paes_2023_puntajes,A_INSCRITOS_PUNTAJES_2023_PAES_PUB_MRUN.csv,CORRECTAS_REG_CTP
Mineduc,paes_2023_puntajes,A_INSCRITOS_PUNTAJES_2023_PAES_PUB_MRUN.csv,ERRADAS_REG_CTP
Mineduc,paes_2023_puntajes,A_INSCRITOS_PUNTAJES_2023_PAES_PUB_MRUN.csv,OMITIDAS_REG_CTP
Mineduc,paes_2023_puntajes,A_INSCRITOS_PUNTAJES_2023_PAES_PUB_MRUN.csv,PRUEBA_INV_CL
Mineduc,paes_2023_puntajes,A_INSCRITOS_PUNTAJES_2023_PAES_PUB_MRUN.csv,FORMA_INV_CL
Mineduc,paes_2023_puntajes,A_INSCRITOS_PUNTAJES_2023_PAES_PUB_MRUN.csv,CORRECTAS_INV_CL
Mineduc,paes_2023_puntajes,A_INSCRITOS_PUNTAJES_2023_PAES_PUB_MRUN.csv,ERRADAS_INV_CL
Mineduc,paes_2023_puntajes,A_INSCRITOS_PUNTAJES_2023_PAES_PUB_MRUN.csv,PRUEBA_INV_MATE
Mineduc,paes_2023_puntajes,A_INSCRITOS_PUNTAJES_2023_PAES_PUB_MRUN.csv,FORMA_INV_MATE
Mineduc,paes_2023_puntajes,A_INSCRITOS_PUNTAJES_2023_PAES_PUB_MRUN.csv,CORRECTAS_INV_MATE
Mineduc,paes_2023_puntajes,A_INSCRITOS_PUNTAJES_2023_PAES_PUB_MRUN.csv,ERRADAS_INV_MATE
Mineduc,paes_2023_puntajes,A_INSCRITOS_PUNTAJES_2023_PAES_PUB_MRUN.csv,OMITIDAS_INV_MATE
Mineduc,paes_2023_puntajes,A_INSCRITOS_PUNTAJES_2023_PAES_PUB_MRUN.csv,PRUEBA_INV_HCS
Mineduc,paes_2023_puntajes,A_INSCRITOS_PUNTAJES_2023_PAES_PUB_MRUN.csv,FORMA_INV_HCS
Mineduc,paes_2023_puntajes,A_INSCRITOS_PUNTAJES_2023_PAES_PUB_MRUN.csv,CORRECTAS_INV_HCS
Mineduc,paes_2023_puntajes,A_INSCRITOS_PUNTAJES_2023_PAES_PUB_MRUN.csv,ERRADAS_INV_HCS
Mineduc,paes_2023_puntajes,A_INSCRITOS_PUNTAJES_2023_PAES_PUB_MRUN.csv,OMITIDAS_INV_HCS
Mineduc,paes_2023_puntajes,A_INSCRITOS_PUNTAJES_2023_PAES_PUB_MRUN.csv,PRUEBA_INV_CBIO
Mineduc,paes_2023_puntajes,A_INSCRITOS_PUNTAJES_2023_PAES_PUB_MRUN.csv,FORMA_INV_CBIO
Mineduc,paes_2023_puntajes,A_INSCRITOS_PUNTAJES_2023_PAES_PUB_MRUN.csv,CORRECTAS_INV_CBIO
Mineduc,paes_2023_puntajes,A_INSCRITOS_PUNTAJES_2023_PAES_PUB_MRUN.csv,ERRADAS_INV_CBIO
Mineduc,paes_2023_puntajes,A_INSCRITOS_PUNTAJES_2023_PAES_PUB_MRUN.csv,OMITIDAS_INV_CBIO
Mineduc,paes_2023_puntajes,A_INSCRITOS_PUNTAJES_2023_PAES_PUB_MRUN.csv,PRUEBA_INV_CFIS
Mineduc,paes_2023_puntajes,A_INSCRITOS_PUNTAJES_2023_PAES_PUB_MRUN.csv,FORMA_INV_CFIS
Mineduc,paes_2023_puntajes,A_INSCRITOS_PUNTAJES_2023_PAES_PUB_MRUN.csv,CORRECTAS_INV_CFIS
Mineduc,paes_2023_puntajes,A_INSCRITOS_PUNTAJES_2023_PAES_PUB_MRUN.csv,ERRADAS_INV_CFIS
Mineduc,paes_2023_puntajes,A_INSCRITOS_PUNTAJES_2023_PAES_PUB_MRUN.csv,OMITIDAS_INV_CFIS
Mineduc,paes_2023_puntajes,A_INSCRITOS_PUNTAJES_2023_PAES_PUB_MRUN.csv,PRUEBA_INV_CQUI
Mineduc,paes_2023_puntajes,A_INSCRITOS_PUNTAJES_2023_PAES_PUB_MRUN.csv,FORMA_INV_CQUI
Mineduc,paes_2023_puntajes,A_INSCRITOS_PUNTAJES_2023_PAES_PUB_MRUN.csv,CORRECTAS_INV_CQUI
Mineduc,paes_2023_puntajes,A_INSCRITOS_PUNTAJES_2023_PAES_PUB_MRUN.csv,ERRADAS_INV_CQUI
Mineduc,paes_2023_puntajes,A_INSCRITOS_PUNTAJES_2023_PAES_PUB_MRUN.csv,OMITIDAS_INV_CQUI
Mineduc,paes_2023_puntajes,A_INSCRITOS_PUNTAJES_2023_PAES_PUB_MRUN.csv,PRUEBA_INV_CTP
Mineduc,paes_2023_puntajes,A_INSCRITOS_PUNTAJES_2023_PAES_PUB_MRUN.csv,FORMA_INV_CTP
Mineduc,paes_2023_puntajes,A_INSCRITOS_PUNTAJES_2023_PAES_PUB_MRUN.csv,CORRECTAS_INV_CTP
Mineduc,paes_2023_puntajes,A_INSCRITOS_PUNTAJES_2023_PAES_PUB_MRUN.csv,ERRADAS_INV_CTP
Mineduc,paes_2023_puntajes,A_INSCRITOS_PUNTAJES_2023_PAES_PUB_MRUN.csv,OMITIDAS_INV_CTP
Mineduc,paes_2024_puntajes,A_INSCRITOS_PUNTAJES_PAES_2024_PUB_MRUN.csv,MRUN
Mineduc,paes_2024_puntajes,A_INSCRITOS_PUNTAJES_PAES_2024_PUB_MRUN.csv,ANYO_PROCESO
Mineduc,paes_2024_puntajes,A_INSCRITOS_PUNTAJES_PAES_2024_PUB_MRUN.csv,COD_SEXO
Mineduc,paes_2024_puntajes,A_INSCRITOS_PUNTAJES_PAES_2024_PUB_MRUN.csv,FECHA_NACIMIENTO
Mineduc,paes_2024_puntajes,A_INSCRITOS_PUNTAJES_PAES_2024_PUB_MRUN.csv,RBD
Mineduc,paes_2024_puntajes,A_INSCRITOS_PUNTAJES_PAES_2024_PUB_MRUN.csv,CODIGO_ENS
Mineduc,paes_2024_puntajes,A_INSCRITOS_PUNTAJES_PAES_2024_PUB_MRUN.csv,LOCAL_EDUCACIONAL
Mineduc,paes_2024_puntajes,A_INSCRITOS_PUNTAJES_PAES_2024_PUB_MRUN.csv,UNIDAD_EDUCATIVA
Mineduc,paes_2024_puntajes,A_INSCRITOS_PUNTAJES_PAES_2024_PUB_MRUN.csv,NOMBRE_UNIDAD_EDUC
Mineduc,paes_2024_puntajes,A_INSCRITOS_PUNTAJES_PAES_2024_PUB_MRUN.csv,RAMA_EDUCACIONAL
Mineduc,paes_2024_puntajes,A_INSCRITOS_PUNTAJES_PAES_2024_PUB_MRUN.csv,DEPENDENCIA
Mineduc,paes_2024_puntajes,A_INSCRITOS_PUNTAJES_PAES_2024_PUB_MRUN.csv,CODIGO_REGION_EGRESO
Mineduc,paes_2024_puntajes,A_INSCRITOS_PUNTAJES_PAES_2024_PUB_MRUN.csv,NOMBRE_REGION_EGRESO
Mineduc,paes_2024_puntajes,A_INSCRITOS_PUNTAJES_PAES_2024_PUB_MRUN.csv,CODIGO_PROVINCIA_EGRESO
Mineduc,paes_2024_puntajes,A_INSCRITOS_PUNTAJES_PAES_2024_PUB_MRUN.csv,NOMBRE_PROVINCIA_EGRESO
Mineduc,paes_2024_puntajes,A_INSCRITOS_PUNTAJES_PAES_2024_PUB_MRUN.csv,CODIGO_COMUNA_EGRESO
Mineduc,paes_2024_puntajes,A_INSCRITOS_PUNTAJES_PAES_2024_PUB_MRUN.csv,NOMBRE_COMUNA_EGRESO
Mineduc,paes_2024_puntajes,A_INSCRITOS_PUNTAJES_PAES_2024_PUB_MRUN.csv,ANYO_DE_EGRESO
Mineduc,paes_2024_puntajes,A_INSCRITOS_PUNTAJES_PAES_2024_PUB_MRUN.csv,PROMEDIO_NOTAS
Mineduc,paes_2024_puntajes,A_INSCRITOS_PUNTAJES_PAES_2024_PUB_MRUN.csv,PTJE_NEM
Mineduc,paes_2024_puntajes,A_INSCRITOS_PUNTAJES_PAES_2024_PUB_MRUN.csv,PORC_SUP_NOTAS
Mineduc,paes_2024_puntajes,A_INSCRITOS_PUNTAJES_PAES_2024_PUB_MRUN.csv,PTJE_RANKING
Mineduc,paes_2024_puntajes,A_INSCRITOS_PUNTAJES_PAES_2024_PUB_MRUN.csv,CLEC_REG_ACTUAL
Mineduc,paes_2024_puntajes,A_INSCRITOS_PUNTAJES_PAES_2024_PUB_MRUN.csv,MATE1_REG_ACTUAL
Mineduc,paes_2024_puntajes,A_INSCRITOS_PUNTAJES_PAES_2024_PUB_MRUN.csv,MATE2_REG_ACTUAL
Mineduc,paes_2024_puntajes,A_INSCRITOS_PUNTAJES_PAES_2024_PUB_MRUN.csv,HCSOC_REG_ACTUAL
Mineduc,paes_2024_puntajes,A_INSCRITOS_PUNTAJES_PAES_2024_PUB_MRUN.csv,CIEN_REG_ACTUAL
Mineduc,paes_2024_puntajes,A_INSCRITOS_PUNTAJES_PAES_2024_PUB_MRUN.csv,CLEC_INV_ACTUAL
Mineduc,paes_2024_puntajes,A_INSCRITOS_PUNTAJES_PAES_2024_PUB_MRUN.csv,MATE1_INV_ACTUAL
Mineduc,paes_2024_puntajes,A_INSCRITOS_PUNTAJES_PAES_2024_PUB_MRUN.csv,MATE2_INV_ACTUAL
Mineduc,paes_2024_puntajes,A_INSCRITOS_PUNTAJES_PAES_2024_PUB_MRUN.csv,HCSOC_INV_ACTUAL
Mineduc,paes_2024_puntajes,A_INSCRITOS_PUNTAJES_PAES_2024_PUB_MRUN.csv,CIEN_INV_ACTUAL
Mineduc,paes_2024_puntajes,A_INSCRITOS_PUNTAJES_PAES_2024_PUB_MRUN.csv,CLEC_REG_ANTERIOR
Mineduc,paes_2024_puntajes,A_INSCRITOS_PUNTAJES_PAES_2024_PUB_MRUN.csv,MATE1_REG_ANTERIOR
Mineduc,paes_2024_puntajes,A_INSCRITOS_PUNTAJES_PAES_2024_PUB_MRUN.csv,MATE2_REG_ANTERIOR
Mineduc,paes_2024_puntajes,A_INSCRITOS_PUNTAJES_PAES_2024_PUB_MRUN.csv,HCSOC_REG_ANTERIOR
Mineduc,paes_2024_puntajes,A_INSCRITOS_PUNTAJES_PAES_2024_PUB_MRUN.csv,CIEN_REG_ANTERIOR
Mineduc,paes_2024_puntajes,A_INSCRITOS_PUNTAJES_PAES_2024_PUB_MRUN.csv,CLEC_INV_ANTERIOR
Mineduc,paes_2024_puntajes,A_INSCRITOS_PUNTAJES_PAES_2024_PUB_MRUN.csv,MATE_INV_ANTERIOR
Mineduc,paes_2024_puntajes,A_INSCRITOS_PUNTAJES_PAES_2024_PUB_MRUN.csv,HCSOC_INV_ANTERIOR
Mineduc,paes_2024_puntajes,A_INSCRITOS_PUNTAJES_PAES_2024_PUB_MRUN.csv,CIEN_INV_ANTERIOR
Mineduc,paes_2024_puntajes,A_INSCRITOS_PUNTAJES_PAES_2024_PUB_MRUN.csv,PROMEDIO_CM_MAX
Mineduc,paes_2024_puntajes,A_INSCRITOS_PUNTAJES_PAES_2024_PUB_MRUN.csv,CLEC_MAX
Mineduc,paes_2024_puntajes,A_INSCRITOS_PUNTAJES_PAES_2024_PUB_MRUN.csv,MATE1_MAX
Mineduc,paes_2024_puntajes,A_INSCRITOS_PUNTAJES_PAES_2024_PUB_MRUN.csv,MATE2_MAX
Mineduc,paes_2024_puntajes,A_INSCRITOS_PUNTAJES_PAES_2024_PUB_MRUN.csv,HCSOC_MAX
Mineduc,paes_2024_puntajes,A_INSCRITOS_PUNTAJES_PAES_2024_PUB_MRUN.csv,CIEN_MAX
Mineduc,paes_2024_puntajes,A_INSCRITOS_PUNTAJES_PAES_2024_PUB_MRUN.csv,RINDIO_PROCESO_ANTERIOR
Mineduc,paes_2024_puntajes,A_INSCRITOS_PUNTAJES_PAES_2024_PUB_MRUN.csv,RINDIO_PROCESO_ACTUAL
Mineduc,paes_2024_puntajes,A_INSCRITOS_PUNTAJES_PAES_2024_PUB_MRUN.csv,HABILITACION_POST
Mineduc,paes_2024_puntajes,A_INSCRITOS_PUNTAJES_PAES_2024_PUB_MRUN.csv,PRUEBA_REG_CL
Mineduc,paes_2024_puntajes,A_INSCRITOS_PUNTAJES_PAES_2024_PUB_MRUN.csv,FORMA_REG_CL
Mineduc,paes_2024_puntajes,A_INSCRITOS_PUNTAJES_PAES_2024_PUB_MRUN.csv,CORRECTAS_REG_CL
Mineduc,paes_2024_puntajes,A_INSCRITOS_PUNTAJES_PAES_2024_PUB_MRUN.csv,ERRADAS_REG_CL
Mineduc,paes_2024_puntajes,A_INSCRITOS_PUNTAJES_PAES_2024_PUB_MRUN.csv,OMITIDAS_REG_CL
Mineduc,paes_2024_puntajes,A_INSCRITOS_PUNTAJES_PAES_2024_PUB_MRUN.csv,PRUEBA_REG_M1
Mineduc,paes_2024_puntajes,A_INSCRITOS_PUNTAJES_PAES_2024_PUB_MRUN.csv,FORMA_REG_M1
Mineduc,paes_2024_puntajes,A_INSCRITOS_PUNTAJES_PAES_2024_PUB_MRUN.csv,CORRECTAS_REG_M1
Mineduc,paes_2024_puntajes,A_INSCRITOS_PUNTAJES_PAES_2024_PUB_MRUN.csv,ERRADAS_REG_M1
Mineduc,paes_2024_puntajes,A_INSCRITOS_PUNTAJES_PAES_2024_PUB_MRUN.csv,OMITIDAS_REG_M1
Mineduc,paes_2024_puntajes,A_INSCRITOS_PUNTAJES_PAES_2024_PUB_MRUN.csv,PRUEBA_REG_M2
Mineduc,paes_2024_puntajes,A_INSCRITOS_PUNTAJES_PAES_2024_PUB_MRUN.csv,FORMA_REG_M2
Mineduc,paes_2024_puntajes,A_INSCRITOS_PUNTAJES_PAES_2024_PUB_MRUN.csv,CORRECTAS_REG_M2
Mineduc,paes_2024_puntajes,A_INSCRITOS_PUNTAJES_PAES_2024_PUB_MRUN.csv,ERRADAS_REG_M2
Mineduc,paes_2024_puntajes,A_INSCRITOS_PUNTAJES_PAES_2024_PUB_MRUN.csv,OMITIDAS_REG_M2
Mineduc,paes_2024_puntajes,A_INSCRITOS_PUNTAJES_PAES_2024_PUB_MRUN.csv,PRUEBA_REG_HCS
Mineduc,paes_2024_puntajes,A_INSCRITOS_PUNTAJES_PAES_2024_PUB_MRUN.csv,FORMA_REG_HCS
Mineduc,paes_2024_puntajes,A_INSCRITOS_PUNTAJES_PAES_2024_PUB_MRUN.csv,CORRECTAS_REG_HCS
Mineduc,paes_2024_puntajes,A_INSCRITOS_PUNTAJES_PAES_2024_PUB_MRUN.csv,ERRADAS_REG_HCS
Mineduc,paes_2024_puntajes,A_INSCRITOS_PUNTAJES_PAES_2024_PUB_MRUN.csv,OMITIDAS_REG_HCS
Mineduc,paes_2024_puntajes,A_INSCRITOS_PUNTAJES_PAES_2024_PUB_MRUN.csv,PRUEBA_REG_CBIO
Mineduc,paes_2024_puntajes,A_INSCRITOS_PUNTAJES_PAES_2024_PUB_MRUN.csv,FORMA_REG_CBIO
Mineduc,paes_2024_puntajes,A_INSCRITOS_PUNTAJES_PAES_2024_PUB_MRUN.csv,CORRECTAS_REG_CBIO
Mineduc,paes_2024_puntajes,A_INSCRITOS_PUNTAJES_PAES_2024_PUB_MRUN.csv,ERRADAS_REG_CBIO
Mineduc,paes_2024_puntajes,A_INSCRITOS_PUNTAJES_PAES_2024_PUB_MRUN.csv,OMITIDAS_REG_CBIO
Mineduc,paes_2024_puntajes,A_INSCRITOS_PUNTAJES_PAES_2024_PUB_MRUN.csv,PRUEBA_REG_CFIS
Mineduc,paes_2024_puntajes,A_INSCRITOS_PUNTAJES_PAES_2024_PUB_MRUN.csv,FORMA_REG_CFIS
Mineduc,paes_2024_puntajes,A_INSCRITOS_PUNTAJES_PAES_2024_PUB_MRUN.csv,CORRECTAS_REG_CFIS
Mineduc,paes_2024_puntajes,A_INSCRITOS_PUNTAJES_PAES_2024_PUB_MRUN.csv,ERRADAS_REG_CFIS
Mineduc,paes_2024_puntajes,A_INSCRITOS_PUNTAJES_PAES_2024_PUB_MRUN.csv,OMITIDAS_REG_CFIS
Mineduc,paes_2024_puntajes,A_INSCRITOS_PUNTAJES_PAES_2024_PUB_MRUN.csv,PRUEBA_REG_CQUI
Mineduc,paes_2024_puntajes,A_INSCRITOS_PUNTAJES_PAES_2024_PUB_MRUN.csv,FORMA_REG_CQUI
Mineduc,paes_2024_puntajes,A_INSCRITOS_PUNTAJES_PAES_2024_PUB_MRUN.csv,CORRECTAS_REG_CQUI
Mineduc,paes_2024_puntajes,A_INSCRITOS_PUNTAJES_PAES_2024_PUB_MRUN.csv,ERRADAS_REG_CQUI
Mineduc,paes_2024_puntajes,A_INSCRITOS_PUNTAJES_PAES_2024_PUB_MRUN.csv,OMITIDAS_REG_CQUI
Mineduc,paes_2024_puntajes,A_INSCRITOS_PUNTAJES_PAES_2024_PUB_MRUN.csv,PRUEBA_REG_CTP
Mineduc,paes_2024_puntajes,A_INSCRITOS_PUNTAJES_PAES_2024_PUB_MRUN.csv,FORMA_REG_CTP
Mineduc,paes_2024_puntajes,A_INSCRITOS_PUNTAJES_PAES_2024_PUB_MRUN.csv,CORRECTAS_REG_CTP
Mineduc,paes_2024_puntajes,A_INSCRITOS_PUNTAJES_PAES_2024_PUB_MRUN.csv,ERRADAS_REG_CTP
Mineduc,paes_2024_puntajes,A_INSCRITOS_PUNTAJES_PAES_2024_PUB_MRUN.csv,OMITIDAS_REG_CTP
Mineduc,paes_2024_puntajes,A_INSCRITOS_PUNTAJES_PAES_2024_PUB_MRUN.csv,PRUEBA_INV_CL
Mineduc,paes_2024_puntajes,A_INSCRITOS_PUNTAJES_PAES_2024_PUB_MRUN.csv,FORMA_INV_CL
Mineduc,paes_2024_puntajes,A_INSCRITOS_PUNTAJES_PAES_2024_PUB_MRUN.csv,CORRECTAS_INV_CL
Mineduc,paes_2024_puntajes,A_INSCRITOS_PUNTAJES_PAES_2024_PUB_MRUN.csv,ERRADAS_INV_CL
Mineduc,paes_2024_puntajes,A_INSCRITOS_PUNTAJES_PAES_2024_PUB_MRUN.csv,OMITIDAS_INV_CL
Mineduc,paes_2024_puntajes,A_INSCRITOS_PUNTAJES_PAES_2024_PUB_MRUN.csv,PRUEBA_INV_M1
Mineduc,paes_2024_puntajes,A_INSCRITOS_PUNTAJES_PAES_2024_PUB_MRUN.csv,FORMA_INV_M1
Mineduc,paes_2024_puntajes,A_INSCRITOS_PUNTAJES_PAES_2024_PUB_MRUN.csv,CORRECTAS_INV_M1
Mineduc,paes_2024_puntajes,A_INSCRITOS_PUNTAJES_PAES_2024_PUB_MRUN.csv,ERRADAS_INV_M1
Mineduc,paes_2024_puntajes,A_INSCRITOS_PUNTAJES_PAES_2024_PUB_MRUN.csv,OMITIDAS_INV_M1
Mineduc,paes_2024_puntajes,A_INSCRITOS_PUNTAJES_PAES_2024_PUB_MRUN.csv,PRUEBA_INV_M2
Mineduc,paes_2024_puntajes,A_INSCRITOS_PUNTAJES_PAES_2024_PUB_MRUN.csv,FORMA_INV_M2
Mineduc,paes_2024_puntajes,A_INSCRITOS_PUNTAJES_PAES_2024_PUB_MRUN.csv,CORRECTAS_INV_M2
Mineduc,paes_2024_puntajes,A_INSCRITOS_PUNTAJES_PAES_2024_PUB_MRUN.csv,ERRADAS_INV_M2
Mineduc,paes_2024_puntajes,A_INSCRITOS_PUNTAJES_PAES_2024_PUB_MRUN.csv,OMITIDAS_INV_M2
Mineduc,paes_2024_puntajes,A_INSCRITOS_PUNTAJES_PAES_2024_PUB_MRUN.csv,PRUEBA_INV_HCS
Mineduc,paes_2024_puntajes,A_INSCRITOS_PUNTAJES_PAES_2024_PUB_MRUN.csv,FORMA_INV_HCS
Mineduc,paes_2024_puntajes,A_INSCRITOS_PUNTAJES_PAES_2024_PUB_MRUN.csv,CORRECTAS_INV_HCS
Mineduc,paes_2024_puntajes,A_INSCRITOS_PUNTAJES_PAES_2024_PUB_MRUN.csv,ERRADAS_INV_HCS
Mineduc,paes_2024_puntajes,A_INSCRITOS_PUNTAJES_PAES_2024_PUB_MRUN.csv,OMITIDAS_INV_HCS
Mineduc,paes_2024_puntajes,A_INSCRITOS_PUNTAJES_PAES_2024_PUB_MRUN.csv,PRUEBA_INV_CBIO
Mineduc,paes_2024_puntajes,A_INSCRITOS_PUNTAJES_PAES_2024_PUB_MRUN.csv,FORMA_INV_CBIO
Mineduc,paes_2024_puntajes,A_INSCRITOS_PUNTAJES_PAES_2024_PUB_MRUN.csv,CORRECTAS_INV_CBIO
Mineduc,paes_2024_puntajes,A_INSCRITOS_PUNTAJES_PAES_2024_PUB_MRUN.csv,ERRADAS_INV_CBIO
Mineduc,paes_2024_puntajes,A_INSCRITOS_PUNTAJES_PAES_2024_PUB_MRUN.csv,OMITIDAS_INV_CBIO
Mineduc,paes_2024_puntajes,A_INSCRITOS_PUNTAJES_PAES_2024_PUB_MRUN.csv,PRUEBA_INV_CFIS
Mineduc,paes_2024_puntajes,A_INSCRITOS_PUNTAJES_PAES_2024_PUB_MRUN.csv,FORMA_INV_CFIS
Mineduc,paes_2024_puntajes,A_INSCRITOS_PUNTAJES_PAES_2024_PUB_MRUN.csv,CORRECTAS_INV_CFIS
Mineduc,paes_2024_puntajes,A_INSCRITOS_PUNTAJES_PAES_2024_PUB_MRUN.csv,ERRADAS_INV_CFIS
Mineduc,paes_2024_puntajes,A_INSCRITOS_PUNTAJES_PAES_2024_PUB_MRUN.csv,OMITIDAS_INV_CFIS
Mineduc,paes_2024_puntajes,A_INSCRITOS_PUNTAJES_PAES_2024_PUB_MRUN.csv,PRUEBA_INV_CQUI
Mineduc,paes_2024_puntajes,A_INSCRITOS_PUNTAJES_PAES_2024_PUB_MRUN.csv,FORMA_INV_CQUI
Mineduc,paes_2024_puntajes,A_INSCRITOS_PUNTAJES_PAES_2024_PUB_MRUN.csv,CORRECTAS_INV_CQUI
Mineduc,paes_2024_puntajes,A_INSCRITOS_PUNTAJES_PAES_2024_PUB_MRUN.csv,ERRADAS_INV_CQUI
Mineduc,paes_2024_puntajes,A_INSCRITOS_PUNTAJES_PAES_2024_PUB_MRUN.csv,OMITIDAS_INV_CQUI
Mineduc,paes_2024_puntajes,A_INSCRITOS_PUNTAJES_PAES_2024_PUB_MRUN.csv,PRUEBA_INV_CTP
Mineduc,paes_2024_puntajes,A_INSCRITOS_PUNTAJES_PAES_2024_PUB_MRUN.csv,FORMA_INV_CTP
Mineduc,paes_2024_puntajes,A_INSCRITOS_PUNTAJES_PAES_2024_PUB_MRUN.csv,CORRECTAS_INV_CTP
Mineduc,paes_2024_puntajes,A_INSCRITOS_PUNTAJES_PAES_2024_PUB_MRUN.csv,ERRADAS_INV_CTP
Mineduc,paes_2024_puntajes,A_INSCRITOS_PUNTAJES_PAES_2024_PUB_MRUN.csv,OMITIDAS_INV_CTP
Mineduc,paes_2025_puntajes,A_INSCRITOS_PUNTAJES_PAES_2025_PUB_MRUN.csv,MRUN
Mineduc,paes_2025_puntajes,A_INSCRITOS_PUNTAJES_PAES_2025_PUB_MRUN.csv,ANYO_PROCESO
Mineduc,paes_2025_puntajes,A_INSCRITOS_PUNTAJES_PAES_2025_PUB_MRUN.csv,COD_SEXO
Mineduc,paes_2025_puntajes,A_INSCRITOS_PUNTAJES_PAES_2025_PUB_MRUN.csv,FECHA_NACIMIENTO
Mineduc,paes_2025_puntajes,A_INSCRITOS_PUNTAJES_PAES_2025_PUB_MRUN.csv,RBD
Mineduc,paes_2025_puntajes,A_INSCRITOS_PUNTAJES_PAES_2025_PUB_MRUN.csv,CODIGO_ENS
Mineduc,paes_2025_puntajes,A_INSCRITOS_PUNTAJES_PAES_2025_PUB_MRUN.csv,LOCAL_EDUCACIONAL
Mineduc,paes_2025_puntajes,A_INSCRITOS_PUNTAJES_PAES_2025_PUB_MRUN.csv,UNIDAD_EDUCATIVA
Mineduc,paes_2025_puntajes,A_INSCRITOS_PUNTAJES_PAES_2025_PUB_MRUN.csv,NOMBRE_UNIDAD_EDUC
Mineduc,paes_2025_puntajes,A_INSCRITOS_PUNTAJES_PAES_2025_PUB_MRUN.csv,RAMA_EDUCACIONAL
Mineduc,paes_2025_puntajes,A_INSCRITOS_PUNTAJES_PAES_2025_PUB_MRUN.csv,DEPENDENCIA
Mineduc,paes_2025_puntajes,A_INSCRITOS_PUNTAJES_PAES_2025_PUB_MRUN.csv,CODIGO_REGION_EGRESO
Mineduc,paes_2025_puntajes,A_INSCRITOS_PUNTAJES_PAES_2025_PUB_MRUN.csv,NOMBRE_REGION_EGRESO
Mineduc,paes_2025_puntajes,A_INSCRITOS_PUNTAJES_PAES_2025_PUB_MRUN.csv,CODIGO_PROVINCIA_EGRESO
Mineduc,paes_2025_puntajes,A_INSCRITOS_PUNTAJES_PAES_2025_PUB_MRUN.csv,NOMBRE_PROVINCIA_EGRESO
Mineduc,paes_2025_puntajes,A_INSCRITOS_PUNTAJES_PAES_2025_PUB_MRUN.csv,CODIGO_COMUNA_EGRESO
Mineduc,paes_2025_puntajes,A_INSCRITOS_PUNTAJES_PAES_2025_PUB_MRUN.csv,NOMBRE_COMUNA_EGRESO
Mineduc,paes_2025_puntajes,A_INSCRITOS_PUNTAJES_PAES_2025_PUB_MRUN.csv,ANYO_DE_EGRESO
Mineduc,paes_2025_puntajes,A_INSCRITOS_PUNTAJES_PAES_2025_PUB_MRUN.csv,PROMEDIO_NOTAS
Mineduc,paes_2025_puntajes,A_INSCRITOS_PUNTAJES_PAES_2025_PUB_MRUN.csv,PTJE_NEM
Mineduc,paes_2025_puntajes,A_INSCRITOS_PUNTAJES_PAES_2025_PUB_MRUN.csv,PORC_SUP_NOTAS
Mineduc,paes_2025_puntajes,A_INSCRITOS_PUNTAJES_PAES_2025_PUB_MRUN.csv,PTJE_RANKING
Mineduc,paes_2025_puntajes,A_INSCRITOS_PUNTAJES_PAES_2025_PUB_MRUN.csv,CLEC_REG_ACTUAL
Mineduc,paes_2025_puntajes,A_INSCRITOS_PUNTAJES_PAES_2025_PUB_MRUN.csv,MATE1_REG_ACTUAL
Mineduc,paes_2025_puntajes,A_INSCRITOS_PUNTAJES_PAES_2025_PUB_MRUN.csv,MATE2_REG_ACTUAL
Mineduc,paes_2025_puntajes,A_INSCRITOS_PUNTAJES_PAES_2025_PUB_MRUN.csv,HCSOC_REG_ACTUAL
Mineduc,paes_2025_puntajes,A_INSCRITOS_PUNTAJES_PAES_2025_PUB_MRUN.csv,CIEN_REG_ACTUAL
Mineduc,paes_2025_puntajes,A_INSCRITOS_PUNTAJES_PAES_2025_PUB_MRUN.csv,CLEC_INV_ACTUAL
Mineduc,paes_2025_puntajes,A_INSCRITOS_PUNTAJES_PAES_2025_PUB_MRUN.csv,MATE1_INV_ACTUAL
Mineduc,paes_2025_puntajes,A_INSCRITOS_PUNTAJES_PAES_2025_PUB_MRUN.csv,MATE2_INV_ACTUAL
Mineduc,paes_2025_puntajes,A_INSCRITOS_PUNTAJES_PAES_2025_PUB_MRUN.csv,HCSOC_INV_ACTUAL
Mineduc,paes_2025_puntajes,A_INSCRITOS_PUNTAJES_PAES_2025_PUB_MRUN.csv,CIEN_INV_ACTUAL
Mineduc,paes_2025_puntajes,A_INSCRITOS_PUNTAJES_PAES_2025_PUB_MRUN.csv,CLEC_REG_ANTERIOR
Mineduc,paes_2025_puntajes,A_INSCRITOS_PUNTAJES_PAES_2025_PUB_MRUN.csv,MATE1_REG_ANTERIOR
Mineduc,paes_2025_puntajes,A_INSCRITOS_PUNTAJES_PAES_2025_PUB_MRUN.csv,MATE2_REG_ANTERIOR
Mineduc,paes_2025_puntajes,A_INSCRITOS_PUNTAJES_PAES_2025_PUB_MRUN.csv,HCSOC_REG_ANTERIOR
Mineduc,paes_2025_puntajes,A_INSCRITOS_PUNTAJES_PAES_2025_PUB_MRUN.csv,CIEN_REG_ANTERIOR
Mineduc,paes_2025_puntajes,A_INSCRITOS_PUNTAJES_PAES_2025_PUB_MRUN.csv,CLEC_INV_ANTERIOR
Mineduc,paes_2025_puntajes,A_INSCRITOS_PUNTAJES_PAES_2025_PUB_MRUN.csv,MATE1_INV_ANTERIOR
Mineduc,paes_2025_puntajes,A_INSCRITOS_PUNTAJES_PAES_2025_PUB_MRUN.csv,MATE2_INV_ANTERIOR
Mineduc,paes_2025_puntajes,A_INSCRITOS_PUNTAJES_PAES_2025_PUB_MRUN.csv,HCSOC_INV_ANTERIOR
Mineduc,paes_2025_puntajes,A_INSCRITOS_PUNTAJES_PAES_2025_PUB_MRUN.csv,CIEN_INV_ANTERIOR
Mineduc,paes_2025_puntajes,A_INSCRITOS_PUNTAJES_PAES_2025_PUB_MRUN.csv,PROMEDIO_CM_MAX
Mineduc,paes_2025_puntajes,A_INSCRITOS_PUNTAJES_PAES_2025_PUB_MRUN.csv,CLEC_MAX
Mineduc,paes_2025_puntajes,A_INSCRITOS_PUNTAJES_PAES_2025_PUB_MRUN.csv,MATE1_MAX
Mineduc,paes_2025_puntajes,A_INSCRITOS_PUNTAJES_PAES_2025_PUB_MRUN.csv,MATE2_MAX
Mineduc,paes_2025_puntajes,A_INSCRITOS_PUNTAJES_PAES_2025_PUB_MRUN.csv,HCSOC_MAX
Mineduc,paes_2025_puntajes,A_INSCRITOS_PUNTAJES_PAES_2025_PUB_MRUN.csv,CIEN_MAX
Mineduc,paes_2025_puntajes,A_INSCRITOS_PUNTAJES_PAES_2025_PUB_MRUN.csv,RINDIO_PROCESO_ANTERIOR
Mineduc,paes_2025_puntajes,A_INSCRITOS_PUNTAJES_PAES_2025_PUB_MRUN.csv,RINDIO_PROCESO_ACTUAL
Mineduc,paes_2025_puntajes,A_INSCRITOS_PUNTAJES_PAES_2025_PUB_MRUN.csv,HABILITACION_POST
Mineduc,paes_2025_puntajes,A_INSCRITOS_PUNTAJES_PAES_2025_PUB_MRUN.csv,PRUEBA_REG_CL
Mineduc,paes_2025_puntajes,A_INSCRITOS_PUNTAJES_PAES_2025_PUB_MRUN.csv,FORMA_REG_CL
Mineduc,paes_2025_puntajes,A_INSCRITOS_PUNTAJES_PAES_2025_PUB_MRUN.csv,CORRECTAS_REG_CL
Mineduc,paes_2025_puntajes,A_INSCRITOS_PUNTAJES_PAES_2025_PUB_MRUN.csv,ERRADAS_REG_CL
Mineduc,paes_2025_puntajes,A_INSCRITOS_PUNTAJES_PAES_2025_PUB_MRUN.csv,OMITIDAS_REG_CL
Mineduc,paes_2025_puntajes,A_INSCRITOS_PUNTAJES_PAES_2025_PUB_MRUN.csv,PRUEBA_REG_M1
Mineduc,paes_2025_puntajes,A_INSCRITOS_PUNTAJES_PAES_2025_PUB_MRUN.csv,FORMA_REG_M1
Mineduc,paes_2025_puntajes,A_INSCRITOS_PUNTAJES_PAES_2025_PUB_MRUN.csv,CORRECTAS_REG_M1
Mineduc,paes_2025_puntajes,A_INSCRITOS_PUNTAJES_PAES_2025_PUB_MRUN.csv,ERRADAS_REG_M1
Mineduc,paes_2025_puntajes,A_INSCRITOS_PUNTAJES_PAES_2025_PUB_MRUN.csv,OMITIDAS_REG_M1
Mineduc,paes_2025_puntajes,A_INSCRITOS_PUNTAJES_PAES_2025_PUB_MRUN.csv,PRUEBA_REG_M2
Mineduc,paes_2025_puntajes,A_INSCRITOS_PUNTAJES_PAES_2025_PUB_MRUN.csv,FORMA_REG_M2
Mineduc,paes_2025_puntajes,A_INSCRITOS_PUNTAJES_PAES_2025_PUB_MRUN.csv,CORRECTAS_REG_M2
Mineduc,paes_2025_puntajes,A_INSCRITOS_PUNTAJES_PAES_2025_PUB_MRUN.csv,ERRADAS_REG_M2
Mineduc,paes_2025_puntajes,A_INSCRITOS_PUNTAJES_PAES_2025_PUB_MRUN.csv,OMITIDAS_REG_M2
Mineduc,paes_2025_puntajes,A_INSCRITOS_PUNTAJES_PAES_2025_PUB_MRUN.csv,PRUEBA_REG_HCS
Mineduc,paes_2025_puntajes,A_INSCRITOS_PUNTAJES_PAES_2025_PUB_MRUN.csv,FORMA_REG_HCS
Mineduc,paes_2025_puntajes,A_INSCRITOS_PUNTAJES_PAES_2025_PUB_MRUN.csv,CORRECTAS_REG_HCS
Mineduc,paes_2025_puntajes,A_INSCRITOS_PUNTAJES_PAES_2025_PUB_MRUN.csv,ERRADAS_REG_HCS
Mineduc,paes_2025_puntajes,A_INSCRITOS_PUNTAJES_PAES_2025_PUB_MRUN.csv,OMITIDAS_REG_HCS
Mineduc,paes_2025_puntajes,A_INSCRITOS_PUNTAJES_PAES_2025_PUB_MRUN.csv,PRUEBA_REG_CBIO
Mineduc,paes_2025_puntajes,A_INSCRITOS_PUNTAJES_PAES_2025_PUB_MRUN.csv,FORMA_REG_CBIO
Mineduc,paes_2025_puntajes,A_INSCRITOS_PUNTAJES_PAES_2025_PUB_MRUN.csv,CORRECTAS_REG_CBIO
Mineduc,paes_2025_puntajes,A_INSCRITOS_PUNTAJES_PAES_2025_PUB_MRUN.csv,ERRADAS_REG_CBIO
Mineduc,paes_2025_puntajes,A_INSCRITOS_PUNTAJES_PAES_2025_PUB_MRUN.csv,OMITIDAS_REG_CBIO
Mineduc,paes_2025_puntajes,A_INSCRITOS_PUNTAJES_PAES_2025_PUB_MRUN.csv,PRUEBA_REG_CFIS
Mineduc,paes_2025_puntajes,A_INSCRITOS_PUNTAJES_PAES_2025_PUB_MRUN.csv,FORMA_REG_CFIS
Mineduc,paes_2025_puntajes,A_INSCRITOS_PUNTAJES_PAES_2025_PUB_MRUN.csv,CORRECTAS_REG_CFIS
Mineduc,paes_2025_puntajes,A_INSCRITOS_PUNTAJES_PAES_2025_PUB_MRUN.csv,ERRADAS_REG_CFIS
Mineduc,paes_2025_puntajes,A_INSCRITOS_PUNTAJES_PAES_2025_PUB_MRUN.csv,OMITIDAS_REG_CFIS
Mineduc,paes_2025_puntajes,A_INSCRITOS_PUNTAJES_PAES_2025_PUB_MRUN.csv,PRUEBA_REG_CQUI
Mineduc,paes_2025_puntajes,A_INSCRITOS_PUNTAJES_PAES_2025_PUB_MRUN.csv,FORMA_REG_CQUI
Mineduc,paes_2025_puntajes,A_INSCRITOS_PUNTAJES_PAES_2025_PUB_MRUN.csv,CORRECTAS_REG_CQUI
Mineduc,paes_2025_puntajes,A_INSCRITOS_PUNTAJES_PAES_2025_PUB_MRUN.csv,ERRADAS_REG_CQUI
Mineduc,paes_2025_puntajes,A_INSCRITOS_PUNTAJES_PAES_2025_PUB_MRUN.csv,OMITIDAS_REG_CQUI
Mineduc,paes_2025_puntajes,A_INSCRITOS_PUNTAJES_PAES_2025_PUB_MRUN.csv,PRUEBA_REG_CTP
Mineduc,paes_2025_puntajes,A_INSCRITOS_PUNTAJES_PAES_2025_PUB_MRUN.csv,FORMA_REG_CTP
Mineduc,paes_2025_puntajes,A_INSCRITOS_PUNTAJES_PAES_2025_PUB_MRUN.csv,CORRECTAS_REG_CTP
Mineduc,paes_2025_puntajes,A_INSCRITOS_PUNTAJES_PAES_2025_PUB_MRUN.csv,ERRADAS_REG_CTP
Mineduc,paes_2025_puntajes,A_INSCRITOS_PUNTAJES_PAES_2025_PUB_MRUN.csv,OMITIDAS_REG_CTP
Mineduc,paes_2025_puntajes,A_INSCRITOS_PUNTAJES_PAES_2025_PUB_MRUN.csv,PRUEBA_INV_CL
Mineduc,paes_2025_puntajes,A_INSCRITOS_PUNTAJES_PAES_2025_PUB_MRUN.csv,FORMA_INV_CL
Mineduc,paes_2025_puntajes,A_INSCRITOS_PUNTAJES_PAES_2025_PUB_MRUN.csv,CORRECTAS_INV_CL
Mineduc,paes_2025_puntajes,A_INSCRITOS_PUNTAJES_PAES_2025_PUB_MRUN.csv,ERRADAS_INV_CL
Mineduc,paes_2025_puntajes,A_INSCRITOS_PUNTAJES_PAES_2025_PUB_MRUN.csv,OMITIDAS_INV_CL
Mineduc,paes_2025_puntajes,A_INSCRITOS_PUNTAJES_PAES_2025_PUB_MRUN.csv,PRUEBA_INV_M1
Mineduc,paes_2025_puntajes,A_INSCRITOS_PUNTAJES_PAES_2025_PUB_MRUN.csv,FORMA_INV_M1
Mineduc,paes_2025_puntajes,A_INSCRITOS_PUNTAJES_PAES_2025_PUB_MRUN.csv,CORRECTAS_INV_M1
Mineduc,paes_2025_puntajes,A_INSCRITOS_PUNTAJES_PAES_2025_PUB_MRUN.csv,ERRADAS_INV_M1
Mineduc,paes_2025_puntajes,A_INSCRITOS_PUNTAJES_PAES_2025_PUB_MRUN.csv,OMITIDAS_INV_M1
Mineduc,paes_2025_puntajes,A_INSCRITOS_PUNTAJES_PAES_2025_PUB_MRUN.csv,PRUEBA_INV_M2
Mineduc,paes_2025_puntajes,A_INSCRITOS_PUNTAJES_PAES_2025_PUB_MRUN.csv,FORMA_INV_M2
Mineduc,paes_2025_puntajes,A_INSCRITOS_PUNTAJES_PAES_2025_PUB_MRUN.csv,CORRECTAS_INV_M2
Mineduc,paes_2025_puntajes,A_INSCRITOS_PUNTAJES_PAES_2025_PUB_MRUN.csv,ERRADAS_INV_M2
Mineduc,paes_2025_puntajes,A_INSCRITOS_PUNTAJES_PAES_2025_PUB_MRUN.csv,OMITIDAS_INV_M2
Mineduc,paes_2025_puntajes,A_INSCRITOS_PUNTAJES_PAES_2025_PUB_MRUN.csv,PRUEBA_INV_HCS
Mineduc,paes_2025_puntajes,A_INSCRITOS_PUNTAJES_PAES_2025_PUB_MRUN.csv,FORMA_INV_HCS
Mineduc,paes_2025_puntajes,A_INSCRITOS_PUNTAJES_PAES_2025_PUB_MRUN.csv,CORRECTAS_INV_HCS
Mineduc,paes_2025_puntajes,A_INSCRITOS_PUNTAJES_PAES_2025_PUB_MRUN.csv,ERRADAS_INV_HCS
Mineduc,paes_2025_puntajes,A_INSCRITOS_PUNTAJES_PAES_2025_PUB_MRUN.csv,OMITIDAS_INV_HCS
Mineduc,paes_2025_puntajes,A_INSCRITOS_PUNTAJES_PAES_2025_PUB_MRUN.csv,PRUEBA_INV_CBIO
Mineduc,paes_2025_puntajes,A_INSCRITOS_PUNTAJES_PAES_2025_PUB_MRUN.csv,FORMA_INV_CBIO
Mineduc,paes_2025_puntajes,A_INSCRITOS_PUNTAJES_PAES_2025_PUB_MRUN.csv,CORRECTAS_INV_CBIO
Mineduc,paes_2025_puntajes,A_INSCRITOS_PUNTAJES_PAES_2025_PUB_MRUN.csv,ERRADAS_INV_CBIO
Mineduc,paes_2025_puntajes,A_INSCRITOS_PUNTAJES_PAES_2025_PUB_MRUN.csv,OMITIDAS_INV_CBIO
Mineduc,paes_2025_puntajes,A_INSCRITOS_PUNTAJES_PAES_2025_PUB_MRUN.csv,PRUEBA_INV_CFIS
Mineduc,paes_2025_puntajes,A_INSCRITOS_PUNTAJES_PAES_2025_PUB_MRUN.csv,FORMA_INV_CFIS
Mineduc,paes_2025_puntajes,A_INSCRITOS_PUNTAJES_PAES_2025_PUB_MRUN.csv,CORRECTAS_INV_CFIS
Mineduc,paes_2025_puntajes,A_INSCRITOS_PUNTAJES_PAES_2025_PUB_MRUN.csv,ERRADAS_INV_CFIS
Mineduc,paes_2025_puntajes,A_INSCRITOS_PUNTAJES_PAES_2025_PUB_MRUN.csv,OMITIDAS_INV_CFIS
Mineduc,paes_2025_puntajes,A_INSCRITOS_PUNTAJES_PAES_2025_PUB_MRUN.csv,PRUEBA_INV_CQUI
Mineduc,paes_2025_puntajes,A_INSCRITOS_PUNTAJES_PAES_2025_PUB_MRUN.csv,FORMA_INV_CQUI
Mineduc,paes_2025_puntajes,A_INSCRITOS_PUNTAJES_PAES_2025_PUB_MRUN.csv,CORRECTAS_INV_CQUI
Mineduc,paes_2025_puntajes,A_INSCRITOS_PUNTAJES_PAES_2025_PUB_MRUN.csv,ERRADAS_INV_CQUI
Mineduc,paes_2025_puntajes,A_INSCRITOS_PUNTAJES_PAES_2025_PUB_MRUN.csv,OMITIDAS_INV_CQUI
Mineduc,paes_2025_puntajes,A_INSCRITOS_PUNTAJES_PAES_2025_PUB_MRUN.csv,PRUEBA_INV_CTP
Mineduc,paes_2025_puntajes,A_INSCRITOS_PUNTAJES_PAES_2025_PUB_MRUN.csv,FORMA_INV_CTP
Mineduc,paes_2025_puntajes,A_INSCRITOS_PUNTAJES_PAES_2025_PUB_MRUN.csv,CORRECTAS_INV_CTP
Mineduc,paes_2025_puntajes,A_INSCRITOS_PUNTAJES_PAES_2025_PUB_MRUN.csv,ERRADAS_INV_CTP
Mineduc,paes_2025_puntajes,A_INSCRITOS_PUNTAJES_PAES_2025_PUB_MRUN.csv,OMITIDAS_INV_CTP
Mineduc,paes_2026_puntajes,A_INSCRITOS_PUNTAJES_PAES_2026_PUB_MRUN.csv,MRUN
Mineduc,paes_2026_puntajes,A_INSCRITOS_PUNTAJES_PAES_2026_PUB_MRUN.csv,ANYO_PROCESO
Mineduc,paes_2026_puntajes,A_INSCRITOS_PUNTAJES_PAES_2026_PUB_MRUN.csv,COD_SEXO
Mineduc,paes_2026_puntajes,A_INSCRITOS_PUNTAJES_PAES_2026_PUB_MRUN.csv,FECHA_NACIMIENTO
Mineduc,paes_2026_puntajes,A_INSCRITOS_PUNTAJES_PAES_2026_PUB_MRUN.csv,RBD
Mineduc,paes_2026_puntajes,A_INSCRITOS_PUNTAJES_PAES_2026_PUB_MRUN.csv,CODIGO_ENS
Mineduc,paes_2026_puntajes,A_INSCRITOS_PUNTAJES_PAES_2026_PUB_MRUN.csv,LOCAL_EDUCACIONAL
Mineduc,paes_2026_puntajes,A_INSCRITOS_PUNTAJES_PAES_2026_PUB_MRUN.csv,UNIDAD_EDUCATIVA
Mineduc,paes_2026_puntajes,A_INSCRITOS_PUNTAJES_PAES_2026_PUB_MRUN.csv,NOMBRE_UNIDAD_EDUC
Mineduc,paes_2026_puntajes,A_INSCRITOS_PUNTAJES_PAES_2026_PUB_MRUN.csv,RAMA_EDUCACIONAL
Mineduc,paes_2026_puntajes,A_INSCRITOS_PUNTAJES_PAES_2026_PUB_MRUN.csv,DEPENDENCIA
Mineduc,paes_2026_puntajes,A_INSCRITOS_PUNTAJES_PAES_2026_PUB_MRUN.csv,CODIGO_REGION_EGRESO
Mineduc,paes_2026_puntajes,A_INSCRITOS_PUNTAJES_PAES_2026_PUB_MRUN.csv,NOMBRE_REGION_EGRESO
Mineduc,paes_2026_puntajes,A_INSCRITOS_PUNTAJES_PAES_2026_PUB_MRUN.csv,CODIGO_PROVINCIA_EGRESO
Mineduc,paes_2026_puntajes,A_INSCRITOS_PUNTAJES_PAES_2026_PUB_MRUN.csv,NOMBRE_PROVINCIA_EGRESO
Mineduc,paes_2026_puntajes,A_INSCRITOS_PUNTAJES_PAES_2026_PUB_MRUN.csv,CODIGO_COMUNA_EGRESO
Mineduc,paes_2026_puntajes,A_INSCRITOS_PUNTAJES_PAES_2026_PUB_MRUN.csv,NOMBRE_COMUNA_EGRESO
Mineduc,paes_2026_puntajes,A_INSCRITOS_PUNTAJES_PAES_2026_PUB_MRUN.csv,ANYO_DE_EGRESO
Mineduc,paes_2026_puntajes,A_INSCRITOS_PUNTAJES_PAES_2026_PUB_MRUN.csv,PROMEDIO_NOTAS
Mineduc,paes_2026_puntajes,A_INSCRITOS_PUNTAJES_PAES_2026_PUB_MRUN.csv,PTJE_NEM
Mineduc,paes_2026_puntajes,A_INSCRITOS_PUNTAJES_PAES_2026_PUB_MRUN.csv,PORC_SUP_NOTAS
Mineduc,paes_2026_puntajes,A_INSCRITOS_PUNTAJES_PAES_2026_PUB_MRUN.csv,PTJE_RANKING
Mineduc,paes_2026_puntajes,A_INSCRITOS_PUNTAJES_PAES_2026_PUB_MRUN.csv,CLEC_REG_ACTUAL
Mineduc,paes_2026_puntajes,A_INSCRITOS_PUNTAJES_PAES_2026_PUB_MRUN.csv,MATE1_REG_ACTUAL
Mineduc,paes_2026_puntajes,A_INSCRITOS_PUNTAJES_PAES_2026_PUB_MRUN.csv,MATE2_REG_ACTUAL
Mineduc,paes_2026_puntajes,A_INSCRITOS_PUNTAJES_PAES_2026_PUB_MRUN.csv,HCSOC_REG_ACTUAL
Mineduc,paes_2026_puntajes,A_INSCRITOS_PUNTAJES_PAES_2026_PUB_MRUN.csv,CIEN_REG_ACTUAL
Mineduc,paes_2026_puntajes,A_INSCRITOS_PUNTAJES_PAES_2026_PUB_MRUN.csv,CLEC_INV_ACTUAL
Mineduc,paes_2026_puntajes,A_INSCRITOS_PUNTAJES_PAES_2026_PUB_MRUN.csv,MATE1_INV_ACTUAL
Mineduc,paes_2026_puntajes,A_INSCRITOS_PUNTAJES_PAES_2026_PUB_MRUN.csv,MATE2_INV_ACTUAL
Mineduc,paes_2026_puntajes,A_INSCRITOS_PUNTAJES_PAES_2026_PUB_MRUN.csv,HCSOC_INV_ACTUAL
Mineduc,paes_2026_puntajes,A_INSCRITOS_PUNTAJES_PAES_2026_PUB_MRUN.csv,CIEN_INV_ACTUAL
Mineduc,paes_2026_puntajes,A_INSCRITOS_PUNTAJES_PAES_2026_PUB_MRUN.csv,CLEC_REG_ANTERIOR
Mineduc,paes_2026_puntajes,A_INSCRITOS_PUNTAJES_PAES_2026_PUB_MRUN.csv,MATE1_REG_ANTERIOR
Mineduc,paes_2026_puntajes,A_INSCRITOS_PUNTAJES_PAES_2026_PUB_MRUN.csv,MATE2_REG_ANTERIOR
Mineduc,paes_2026_puntajes,A_INSCRITOS_PUNTAJES_PAES_2026_PUB_MRUN.csv,HCSOC_REG_ANTERIOR
Mineduc,paes_2026_puntajes,A_INSCRITOS_PUNTAJES_PAES_2026_PUB_MRUN.csv,CIEN_REG_ANTERIOR
Mineduc,paes_2026_puntajes,A_INSCRITOS_PUNTAJES_PAES_2026_PUB_MRUN.csv,CLEC_INV_ANTERIOR
Mineduc,paes_2026_puntajes,A_INSCRITOS_PUNTAJES_PAES_2026_PUB_MRUN.csv,MATE1_INV_ANTERIOR
Mineduc,paes_2026_puntajes,A_INSCRITOS_PUNTAJES_PAES_2026_PUB_MRUN.csv,MATE2_INV_ANTERIOR
Mineduc,paes_2026_puntajes,A_INSCRITOS_PUNTAJES_PAES_2026_PUB_MRUN.csv,HCSOC_INV_ANTERIOR
Mineduc,paes_2026_puntajes,A_INSCRITOS_PUNTAJES_PAES_2026_PUB_MRUN.csv,CIEN_INV_ANTERIOR
Mineduc,paes_2026_puntajes,A_INSCRITOS_PUNTAJES_PAES_2026_PUB_MRUN.csv,PROMEDIO_CM_MAX
Mineduc,paes_2026_puntajes,A_INSCRITOS_PUNTAJES_PAES_2026_PUB_MRUN.csv,CLEC_MAX
Mineduc,paes_2026_puntajes,A_INSCRITOS_PUNTAJES_PAES_2026_PUB_MRUN.csv,MATE1_MAX
Mineduc,paes_2026_puntajes,A_INSCRITOS_PUNTAJES_PAES_2026_PUB_MRUN.csv,MATE2_MAX
Mineduc,paes_2026_puntajes,A_INSCRITOS_PUNTAJES_PAES_2026_PUB_MRUN.csv,HCSOC_MAX
Mineduc,paes_2026_puntajes,A_INSCRITOS_PUNTAJES_PAES_2026_PUB_MRUN.csv,CIEN_MAX
Mineduc,paes_2026_puntajes,A_INSCRITOS_PUNTAJES_PAES_2026_PUB_MRUN.csv,RINDIO_PROCESO_ANTERIOR
Mineduc,paes_2026_puntajes,A_INSCRITOS_PUNTAJES_PAES_2026_PUB_MRUN.csv,RINDIO_PROCESO_ACTUAL
Mineduc,paes_2026_puntajes,A_INSCRITOS_PUNTAJES_PAES_2026_PUB_MRUN.csv,HABILITACION_POST
Mineduc,paes_2026_puntajes,A_INSCRITOS_PUNTAJES_PAES_2026_PUB_MRUN.csv,PRUEBA_REG_CL
Mineduc,paes_2026_puntajes,A_INSCRITOS_PUNTAJES_PAES_2026_PUB_MRUN.csv,FORMA_REG_CL
Mineduc,paes_2026_puntajes,A_INSCRITOS_PUNTAJES_PAES_2026_PUB_MRUN.csv,CORRECTAS_REG_CL
Mineduc,paes_2026_puntajes,A_INSCRITOS_PUNTAJES_PAES_2026_PUB_MRUN.csv,ERRADAS_REG_CL
Mineduc,paes_2026_puntajes,A_INSCRITOS_PUNTAJES_PAES_2026_PUB_MRUN.csv,OMITIDAS_REG_CL
Mineduc,paes_2026_puntajes,A_INSCRITOS_PUNTAJES_PAES_2026_PUB_MRUN.csv,PRUEBA_REG_M1
Mineduc,paes_2026_puntajes,A_INSCRITOS_PUNTAJES_PAES_2026_PUB_MRUN.csv,FORMA_REG_M1
Mineduc,paes_2026_puntajes,A_INSCRITOS_PUNTAJES_PAES_2026_PUB_MRUN.csv,CORRECTAS_REG_M1
Mineduc,paes_2026_puntajes,A_INSCRITOS_PUNTAJES_PAES_2026_PUB_MRUN.csv,ERRADAS_REG_M1
Mineduc,paes_2026_puntajes,A_INSCRITOS_PUNTAJES_PAES_2026_PUB_MRUN.csv,OMITIDAS_REG_M1
Mineduc,paes_2026_puntajes,A_INSCRITOS_PUNTAJES_PAES_2026_PUB_MRUN.csv,PRUEBA_REG_M2
Mineduc,paes_2026_puntajes,A_INSCRITOS_PUNTAJES_PAES_2026_PUB_MRUN.csv,FORMA_REG_M2
Mineduc,paes_2026_puntajes,A_INSCRITOS_PUNTAJES_PAES_2026_PUB_MRUN.csv,CORRECTAS_REG_M2
Mineduc,paes_2026_puntajes,A_INSCRITOS_PUNTAJES_PAES_2026_PUB_MRUN.csv,ERRADAS_REG_M2
Mineduc,paes_2026_puntajes,A_INSCRITOS_PUNTAJES_PAES_2026_PUB_MRUN.csv,OMITIDAS_REG_M2
Mineduc,paes_2026_puntajes,A_INSCRITOS_PUNTAJES_PAES_2026_PUB_MRUN.csv,PRUEBA_REG_HCS
Mineduc,paes_2026_puntajes,A_INSCRITOS_PUNTAJES_PAES_2026_PUB_MRUN.csv,FORMA_REG_HCS
Mineduc,paes_2026_puntajes,A_INSCRITOS_PUNTAJES_PAES_2026_PUB_MRUN.csv,CORRECTAS_REG_HCS
Mineduc,paes_2026_puntajes,A_INSCRITOS_PUNTAJES_PAES_2026_PUB_MRUN.csv,ERRADAS_REG_HCS
Mineduc,paes_2026_puntajes,A_INSCRITOS_PUNTAJES_PAES_2026_PUB_MRUN.csv,OMITIDAS_REG_HCS
Mineduc,paes_2026_puntajes,A_INSCRITOS_PUNTAJES_PAES_2026_PUB_MRUN.csv,PRUEBA_REG_CBIO
Mineduc,paes_2026_puntajes,A_INSCRITOS_PUNTAJES_PAES_2026_PUB_MRUN.csv,FORMA_REG_CBIO
Mineduc,paes_2026_puntajes,A_INSCRITOS_PUNTAJES_PAES_2026_PUB_MRUN.csv,CORRECTAS_REG_CBIO
Mineduc,paes_2026_puntajes,A_INSCRITOS_PUNTAJES_PAES_2026_PUB_MRUN.csv,ERRADAS_REG_CBIO
Mineduc,paes_2026_puntajes,A_INSCRITOS_PUNTAJES_PAES_2026_PUB_MRUN.csv,OMITIDAS_REG_CBIO
Mineduc,paes_2026_puntajes,A_INSCRITOS_PUNTAJES_PAES_2026_PUB_MRUN.csv,PRUEBA_REG_CFIS
Mineduc,paes_2026_puntajes,A_INSCRITOS_PUNTAJES_PAES_2026_PUB_MRUN.csv,FORMA_REG_CFIS
Mineduc,paes_2026_puntajes,A_INSCRITOS_PUNTAJES_PAES_2026_PUB_MRUN.csv,CORRECTAS_REG_CFIS
Mineduc,paes_2026_puntajes,A_INSCRITOS_PUNTAJES_PAES_2026_PUB_MRUN.csv,ERRADAS_REG_CFIS
Mineduc,paes_2026_puntajes,A_INSCRITOS_PUNTAJES_PAES_2026_PUB_MRUN.csv,OMITIDAS_REG_CFIS
Mineduc,paes_2026_puntajes,A_INSCRITOS_PUNTAJES_PAES_2026_PUB_MRUN.csv,PRUEBA_REG_CQUI
Mineduc,paes_2026_puntajes,A_INSCRITOS_PUNTAJES_PAES_2026_PUB_MRUN.csv,FORMA_REG_CQUI
Mineduc,paes_2026_puntajes,A_INSCRITOS_PUNTAJES_PAES_2026_PUB_MRUN.csv,CORRECTAS_REG_CQUI
Mineduc,paes_2026_puntajes,A_INSCRITOS_PUNTAJES_PAES_2026_PUB_MRUN.csv,ERRADAS_REG_CQUI
Mineduc,paes_2026_puntajes,A_INSCRITOS_PUNTAJES_PAES_2026_PUB_MRUN.csv,OMITIDAS_REG_CQUI
Mineduc,paes_2026_puntajes,A_INSCRITOS_PUNTAJES_PAES_2026_PUB_MRUN.csv,PRUEBA_REG_CTP
Mineduc,paes_2026_puntajes,A_INSCRITOS_PUNTAJES_PAES_2026_PUB_MRUN.csv,FORMA_REG_CTP
Mineduc,paes_2026_puntajes,A_INSCRITOS_PUNTAJES_PAES_2026_PUB_MRUN.csv,CORRECTAS_REG_CTP
Mineduc,paes_2026_puntajes,A_INSCRITOS_PUNTAJES_PAES_2026_PUB_MRUN.csv,ERRADAS_REG_CTP
Mineduc,paes_2026_puntajes,A_INSCRITOS_PUNTAJES_PAES_2026_PUB_MRUN.csv,OMITIDAS_REG_CTP
Mineduc,paes_2026_puntajes,A_INSCRITOS_PUNTAJES_PAES_2026_PUB_MRUN.csv,PRUEBA_INV_CL
Mineduc,paes_2026_puntajes,A_INSCRITOS_PUNTAJES_PAES_2026_PUB_MRUN.csv,FORMA_INV_CL
Mineduc,paes_2026_puntajes,A_INSCRITOS_PUNTAJES_PAES_2026_PUB_MRUN.csv,CORRECTAS_INV_CL
Mineduc,paes_2026_puntajes,A_INSCRITOS_PUNTAJES_PAES_2026_PUB_MRUN.csv,ERRADAS_INV_CL
Mineduc,paes_2026_puntajes,A_INSCRITOS_PUNTAJES_PAES_2026_PUB_MRUN.csv,OMITIDAS_INV_CL
Mineduc,paes_2026_puntajes,A_INSCRITOS_PUNTAJES_PAES_2026_PUB_MRUN.csv,PRUEBA_INV_M1
Mineduc,paes_2026_puntajes,A_INSCRITOS_PUNTAJES_PAES_2026_PUB_MRUN.csv,FORMA_INV_M1
Mineduc,paes_2026_puntajes,A_INSCRITOS_PUNTAJES_PAES_2026_PUB_MRUN.csv,CORRECTAS_INV_M1
Mineduc,paes_2026_puntajes,A_INSCRITOS_PUNTAJES_PAES_2026_PUB_MRUN.csv,ERRADAS_INV_M1
Mineduc,paes_2026_puntajes,A_INSCRITOS_PUNTAJES_PAES_2026_PUB_MRUN.csv,OMITIDAS_INV_M1
Mineduc,paes_2026_puntajes,A_INSCRITOS_PUNTAJES_PAES_2026_PUB_MRUN.csv,PRUEBA_INV_M2
Mineduc,paes_2026_puntajes,A_INSCRITOS_PUNTAJES_PAES_2026_PUB_MRUN.csv,FORMA_INV_M2
Mineduc,paes_2026_puntajes,A_INSCRITOS_PUNTAJES_PAES_2026_PUB_MRUN.csv,CORRECTAS_INV_M2
Mineduc,paes_2026_puntajes,A_INSCRITOS_PUNTAJES_PAES_2026_PUB_MRUN.csv,ERRADAS_INV_M2
Mineduc,paes_2026_puntajes,A_INSCRITOS_PUNTAJES_PAES_2026_PUB_MRUN.csv,OMITIDAS_INV_M2
Mineduc,paes_2026_puntajes,A_INSCRITOS_PUNTAJES_PAES_2026_PUB_MRUN.csv,PRUEBA_INV_HCS
Mineduc,paes_2026_puntajes,A_INSCRITOS_PUNTAJES_PAES_2026_PUB_MRUN.csv,FORMA_INV_HCS
Mineduc,paes_2026_puntajes,A_INSCRITOS_PUNTAJES_PAES_2026_PUB_MRUN.csv,CORRECTAS_INV_HCS
Mineduc,paes_2026_puntajes,A_INSCRITOS_PUNTAJES_PAES_2026_PUB_MRUN.csv,ERRADAS_INV_HCS
Mineduc,paes_2026_puntajes,A_INSCRITOS_PUNTAJES_PAES_2026_PUB_MRUN.csv,OMITIDAS_INV_HCS
Mineduc,paes_2026_puntajes,A_INSCRITOS_PUNTAJES_PAES_2026_PUB_MRUN.csv,PRUEBA_INV_CBIO
Mineduc,paes_2026_puntajes,A_INSCRITOS_PUNTAJES_PAES_2026_PUB_MRUN.csv,FORMA_INV_CBIO
Mineduc,paes_2026_puntajes,A_INSCRITOS_PUNTAJES_PAES_2026_PUB_MRUN.csv,CORRECTAS_INV_CBIO
Mineduc,paes_2026_puntajes,A_INSCRITOS_PUNTAJES_PAES_2026_PUB_MRUN.csv,ERRADAS_INV_CBIO
Mineduc,paes_2026_puntajes,A_INSCRITOS_PUNTAJES_PAES_2026_PUB_MRUN.csv,OMITIDAS_INV_CBIO
Mineduc,paes_2026_puntajes,A_INSCRITOS_PUNTAJES_PAES_2026_PUB_MRUN.csv,PRUEBA_INV_CFIS
Mineduc,paes_2026_puntajes,A_INSCRITOS_PUNTAJES_PAES_2026_PUB_MRUN.csv,FORMA_INV_CFIS
Mineduc,paes_2026_puntajes,A_INSCRITOS_PUNTAJES_PAES_2026_PUB_MRUN.csv,CORRECTAS_INV_CFIS
Mineduc,paes_2026_puntajes,A_INSCRITOS_PUNTAJES_PAES_2026_PUB_MRUN.csv,ERRADAS_INV_CFIS
Mineduc,paes_2026_puntajes,A_INSCRITOS_PUNTAJES_PAES_2026_PUB_MRUN.csv,OMITIDAS_INV_CFIS
Mineduc,paes_2026_puntajes,A_INSCRITOS_PUNTAJES_PAES_2026_PUB_MRUN.csv,PRUEBA_INV_CQUI
Mineduc,paes_2026_puntajes,A_INSCRITOS_PUNTAJES_PAES_2026_PUB_MRUN.csv,FORMA_INV_CQUI
Mineduc,paes_2026_puntajes,A_INSCRITOS_PUNTAJES_PAES_2026_PUB_MRUN.csv,CORRECTAS_INV_CQUI
Mineduc,paes_2026_puntajes,A_INSCRITOS_PUNTAJES_PAES_2026_PUB_MRUN.csv,ERRADAS_INV_CQUI
Mineduc,paes_2026_puntajes,A_INSCRITOS_PUNTAJES_PAES_2026_PUB_MRUN.csv,OMITIDAS_INV_CQUI
Mineduc,paes_2026_puntajes,A_INSCRITOS_PUNTAJES_PAES_2026_PUB_MRUN.csv,PRUEBA_INV_CTP
Mineduc,paes_2026_puntajes,A_INSCRITOS_PUNTAJES_PAES_2026_PUB_MRUN.csv,FORMA_INV_CTP
Mineduc,paes_2026_puntajes,A_INSCRITOS_PUNTAJES_PAES_2026_PUB_MRUN.csv,CORRECTAS_INV_CTP
Mineduc,paes_2026_puntajes,A_INSCRITOS_PUNTAJES_PAES_2026_PUB_MRUN.csv,ERRADAS_INV_CTP
Mineduc,paes_2026_puntajes,A_INSCRITOS_PUNTAJES_PAES_2026_PUB_MRUN.csv,OMITIDAS_INV_CTP
Mineduc,sep_2022,20221216_Preferentes_Prioritarios_y_Beneficiarios_2022_20221130_WEB.csv,AGNO
Mineduc,sep_2022,20221216_Preferentes_Prioritarios_y_Beneficiarios_2022_20221130_WEB.csv,MRUN
Mineduc,sep_2022,20221216_Preferentes_Prioritarios_y_Beneficiarios_2022_20221130_WEB.csv,GEN_ALU
Mineduc,sep_2022,20221216_Preferentes_Prioritarios_y_Beneficiarios_2022_20221130_WEB.csv,FEC_NAC_ALU
Mineduc,sep_2022,20221216_Preferentes_Prioritarios_y_Beneficiarios_2022_20221130_WEB.csv,CRITERIO_SEP
Mineduc,sep_2022,20221216_Preferentes_Prioritarios_y_Beneficiarios_2022_20221130_WEB.csv,RBD
Mineduc,sep_2022,20221216_Preferentes_Prioritarios_y_Beneficiarios_2022_20221130_WEB.csv,DGV_RBD
Mineduc,sep_2022,20221216_Preferentes_Prioritarios_y_Beneficiarios_2022_20221130_WEB.csv,NOM_RBD
Mineduc,sep_2022,20221216_Preferentes_Prioritarios_y_Beneficiarios_2022_20221130_WEB.csv,COD_REG_RBD
Mineduc,sep_2022,20221216_Preferentes_Prioritarios_y_Beneficiarios_2022_20221130_WEB.csv,COD_PRO_RBD
Mineduc,sep_2022,20221216_Preferentes_Prioritarios_y_Beneficiarios_2022_20221130_WEB.csv,COD_COM_RBD
Mineduc,sep_2022,20221216_Preferentes_Prioritarios_y_Beneficiarios_2022_20221130_WEB.csv,NOM_COM_RBD
Mineduc,sep_2022,20221216_Preferentes_Prioritarios_y_Beneficiarios_2022_20221130_WEB.csv,COD_DEPROV_RBD
Mineduc,sep_2022,20221216_Preferentes_Prioritarios_y_Beneficiarios_2022_20221130_WEB.csv,NOM_DEPROV_RBD
Mineduc,sep_2022,20221216_Preferentes_Prioritarios_y_Beneficiarios_2022_20221130_WEB.csv,COD_DEPE
Mineduc,sep_2022,20221216_Preferentes_Prioritarios_y_Beneficiarios_2022_20221130_WEB.csv,COD_DEPE2
Mineduc,sep_2022,20221216_Preferentes_Prioritarios_y_Beneficiarios_2022_20221130_WEB.csv,RURAL_RBD
Mineduc,sep_2022,20221216_Preferentes_Prioritarios_y_Beneficiarios_2022_20221130_WEB.csv,ESTADO_ESTAB
Mineduc,sep_2022,20221216_Preferentes_Prioritarios_y_Beneficiarios_2022_20221130_WEB.csv,CONVENIO_SEP
Mineduc,sep_2022,20221216_Preferentes_Prioritarios_y_Beneficiarios_2022_20221130_WEB.csv,AÑO_INGRESO_SEP
Mineduc,sep_2022,20221216_Preferentes_Prioritarios_y_Beneficiarios_2022_20221130_WEB.csv,CLASIFICACION_SEP
Mineduc,sep_2022,20221216_Preferentes_Prioritarios_y_Beneficiarios_2022_20221130_WEB.csv,EE_GRATUITO
Mineduc,sep_2022,20221216_Preferentes_Prioritarios_y_Beneficiarios_2022_20221130_WEB.csv,COD_ENSE
Mineduc,sep_2022,20221216_Preferentes_Prioritarios_y_Beneficiarios_2022_20221130_WEB.csv,COD_ENSE2
Mineduc,sep_2022,20221216_Preferentes_Prioritarios_y_Beneficiarios_2022_20221130_WEB.csv,COD_ENSE3
Mineduc,sep_2022,20221216_Preferentes_Prioritarios_y_Beneficiarios_2022_20221130_WEB.csv,COD_GRADO
Mineduc,sep_2022,20221216_Preferentes_Prioritarios_y_Beneficiarios_2022_20221130_WEB.csv,COD_GRADO2
Mineduc,sep_2022,20221216_Preferentes_Prioritarios_y_Beneficiarios_2022_20221130_WEB.csv,LET_CUR
Mineduc,sep_2022,20221216_Preferentes_Prioritarios_y_Beneficiarios_2022_20221130_WEB.csv,COD_JOR
Mineduc,sep_2022,20221216_Preferentes_Prioritarios_y_Beneficiarios_2022_20221130_WEB.csv,GRADO_SEP
Mineduc,sep_2022,20221216_Preferentes_Prioritarios_y_Beneficiarios_2022_20221130_WEB.csv,PRIORITARIO_ALU
Mineduc,sep_2022,20221216_Preferentes_Prioritarios_y_Beneficiarios_2022_20221130_WEB.csv,PREFERENTE_ALU
Mineduc,sep_2022,20221216_Preferentes_Prioritarios_y_Beneficiarios_2022_20221130_WEB.csv,BEN_SEP
Mineduc,sep_2023,20231211_Preferentes_Prioritarios_y_Beneficiarios_2023_20231130_WEB.csv,AGNO
Mineduc,sep_2023,20231211_Preferentes_Prioritarios_y_Beneficiarios_2023_20231130_WEB.csv,MRUN
Mineduc,sep_2023,20231211_Preferentes_Prioritarios_y_Beneficiarios_2023_20231130_WEB.csv,GEN_ALU
Mineduc,sep_2023,20231211_Preferentes_Prioritarios_y_Beneficiarios_2023_20231130_WEB.csv,FEC_NAC_ALU
Mineduc,sep_2023,20231211_Preferentes_Prioritarios_y_Beneficiarios_2023_20231130_WEB.csv,CRITERIO_SEP
Mineduc,sep_2023,20231211_Preferentes_Prioritarios_y_Beneficiarios_2023_20231130_WEB.csv,RBD
Mineduc,sep_2023,20231211_Preferentes_Prioritarios_y_Beneficiarios_2023_20231130_WEB.csv,DGV_RBD
Mineduc,sep_2023,20231211_Preferentes_Prioritarios_y_Beneficiarios_2023_20231130_WEB.csv,NOM_RBD
Mineduc,sep_2023,20231211_Preferentes_Prioritarios_y_Beneficiarios_2023_20231130_WEB.csv,COD_REG_RBD
Mineduc,sep_2023,20231211_Preferentes_Prioritarios_y_Beneficiarios_2023_20231130_WEB.csv,COD_PRO_RBD
Mineduc,sep_2023,20231211_Preferentes_Prioritarios_y_Beneficiarios_2023_20231130_WEB.csv,COD_COM_RBD
Mineduc,sep_2023,20231211_Preferentes_Prioritarios_y_Beneficiarios_2023_20231130_WEB.csv,NOM_COM_RBD
Mineduc,sep_2023,20231211_Preferentes_Prioritarios_y_Beneficiarios_2023_20231130_WEB.csv,COD_DEPROV_RBD
Mineduc,sep_2023,20231211_Preferentes_Prioritarios_y_Beneficiarios_2023_20231130_WEB.csv,NOM_DEPROV_RBD
Mineduc,sep_2023,20231211_Preferentes_Prioritarios_y_Beneficiarios_2023_20231130_WEB.csv,COD_DEPE
Mineduc,sep_2023,20231211_Preferentes_Prioritarios_y_Beneficiarios_2023_20231130_WEB.csv,COD_DEPE2
Mineduc,sep_2023,20231211_Preferentes_Prioritarios_y_Beneficiarios_2023_20231130_WEB.csv,RURAL_RBD
Mineduc,sep_2023,20231211_Preferentes_Prioritarios_y_Beneficiarios_2023_20231130_WEB.csv,ESTADO_ESTAB
Mineduc,sep_2023,20231211_Preferentes_Prioritarios_y_Beneficiarios_2023_20231130_WEB.csv,CONVENIO_SEP
Mineduc,sep_2023,20231211_Preferentes_Prioritarios_y_Beneficiarios_2023_20231130_WEB.csv,AÑO_INGRESO_SEP
Mineduc,sep_2023,20231211_Preferentes_Prioritarios_y_Beneficiarios_2023_20231130_WEB.csv,CLASIFICACION_SEP
Mineduc,sep_2023,20231211_Preferentes_Prioritarios_y_Beneficiarios_2023_20231130_WEB.csv,EE_GRATUITO
Mineduc,sep_2023,20231211_Preferentes_Prioritarios_y_Beneficiarios_2023_20231130_WEB.csv,COD_ENSE
Mineduc,sep_2023,20231211_Preferentes_Prioritarios_y_Beneficiarios_2023_20231130_WEB.csv,COD_ENSE2
Mineduc,sep_2023,20231211_Preferentes_Prioritarios_y_Beneficiarios_2023_20231130_WEB.csv,COD_ENSE3
Mineduc,sep_2023,20231211_Preferentes_Prioritarios_y_Beneficiarios_2023_20231130_WEB.csv,COD_GRADO
Mineduc,sep_2023,20231211_Preferentes_Prioritarios_y_Beneficiarios_2023_20231130_WEB.csv,COD_GRADO2
Mineduc,sep_2023,20231211_Preferentes_Prioritarios_y_Beneficiarios_2023_20231130_WEB.csv,LET_CUR
Mineduc,sep_2023,20231211_Preferentes_Prioritarios_y_Beneficiarios_2023_20231130_WEB.csv,COD_JOR
Mineduc,sep_2023,20231211_Preferentes_Prioritarios_y_Beneficiarios_2023_20231130_WEB.csv,GRADO_SEP
Mineduc,sep_2023,20231211_Preferentes_Prioritarios_y_Beneficiarios_2023_20231130_WEB.csv,PRIORITARIO_ALU
Mineduc,sep_2023,20231211_Preferentes_Prioritarios_y_Beneficiarios_2023_20231130_WEB.csv,PREFERENTE_ALU
Mineduc,sep_2023,20231211_Preferentes_Prioritarios_y_Beneficiarios_2023_20231130_WEB.csv,BEN_SEP
CNED,Univ IP CFT Vigentes,INDICES_Institucional_2005-2025.xlsx,Código institución
CNED,Univ IP CFT Vigentes,INDICES_Institucional_2005-2025.xlsx,Nombre institución
CNED,Univ IP CFT Vigentes,INDICES_Institucional_2005-2025.xlsx,Año Creación
CNED,Univ IP CFT Vigentes,INDICES_Institucional_2005-2025.xlsx,Tipo de institución
CNED,Univ IP CFT Vigentes,INDICES_Institucional_2005-2025.xlsx,Tradicional
CNED,Univ IP CFT Vigentes,INDICES_Institucional_2005-2025.xlsx,Nombre Rector
CNED,Univ IP CFT Vigentes,INDICES_Institucional_2005-2025.xlsx,Dirección
CNED,Univ IP CFT Vigentes,INDICES_Institucional_2005-2025.xlsx,Comuna Casa Central
CNED,Univ IP CFT Vigentes,INDICES_Institucional_2005-2025.xlsx,Región Casa Central
CNED,Univ IP CFT Vigentes,INDICES_Institucional_2005-2025.xlsx,Direccion Web
CNED,Univ IP CFT Vigentes,INDICES_Institucional_2005-2025.xlsx,Autonomía
CNED,Univ IP CFT Vigentes,INDICES_Institucional_2005-2025.xlsx,Años Acreditación (17-11-25)
CNED,Univ IP CFT Vigentes,INDICES_Institucional_2005-2025.xlsx,Acreditación Institucional  (17-11-25)
CNED,Univ IP CFT Vigentes,INDICES_Institucional_2005-2025.xlsx,Nivel
CNED,Univ IP CFT Vigentes,INDICES_Institucional_2005-2025.xlsx,Vigencia Desde
CNED,Univ IP CFT Vigentes,INDICES_Institucional_2005-2025.xlsx,Vigencia Hasta
CNED,Univ IP CFT Vigentes,INDICES_Institucional_2005-2025.xlsx,Proceso CNED
CNED,Inmuebles,INDICES_Institucional_2005-2025.xlsx,Tipo Institución
CNED,Inmuebles,INDICES_Institucional_2005-2025.xlsx,Cód. Institución
CNED,Inmuebles,INDICES_Institucional_2005-2025.xlsx,Nombre Institución
CNED,Inmuebles,INDICES_Institucional_2005-2025.xlsx,idSede
CNED,Inmuebles,INDICES_Institucional_2005-2025.xlsx,Sede
CNED,Inmuebles,INDICES_Institucional_2005-2025.xlsx,Año Información
CNED,Inmuebles,INDICES_Institucional_2005-2025.xlsx,N° Inmuebles
CNED,Inmuebles,INDICES_Institucional_2005-2025.xlsx,M2 Terreno
CNED,Inmuebles,INDICES_Institucional_2005-2025.xlsx,M2 Construido
CNED,Inmuebles,INDICES_Institucional_2005-2025.xlsx,M2 Salas
CNED,Inmuebles,INDICES_Institucional_2005-2025.xlsx,Nº Oficinas
CNED,Inmuebles,INDICES_Institucional_2005-2025.xlsx,Nº Salas
CNED,Inmuebles,INDICES_Institucional_2005-2025.xlsx,Conectividad Megas
CNED,Laboratorios y Talleres,INDICES_Institucional_2005-2025.xlsx,Tipo Institución
CNED,Laboratorios y Talleres,INDICES_Institucional_2005-2025.xlsx,Cód. Institución
CNED,Laboratorios y Talleres,INDICES_Institucional_2005-2025.xlsx,Nombre Institución
CNED,Laboratorios y Talleres,INDICES_Institucional_2005-2025.xlsx,idSede
CNED,Laboratorios y Talleres,INDICES_Institucional_2005-2025.xlsx,Sede
CNED,Laboratorios y Talleres,INDICES_Institucional_2005-2025.xlsx,Año Proceso
CNED,Laboratorios y Talleres,INDICES_Institucional_2005-2025.xlsx,Nº Laboratorios
CNED,Laboratorios y Talleres,INDICES_Institucional_2005-2025.xlsx,M2 Construido
CNED,Laboratorios y Talleres,INDICES_Institucional_2005-2025.xlsx,Nº de PC para alumnos
CNED,Laboratorios y Talleres,INDICES_Institucional_2005-2025.xlsx,N° Computadores con Internet
CNED,Bibliotecas2005-2018,INDICES_Institucional_2005-2025.xlsx,Año Proceso
CNED,Bibliotecas2005-2018,INDICES_Institucional_2005-2025.xlsx,Tipo Institución
CNED,Bibliotecas2005-2018,INDICES_Institucional_2005-2025.xlsx,Cód. Institución
CNED,Bibliotecas2005-2018,INDICES_Institucional_2005-2025.xlsx,Nombre Institución
CNED,Bibliotecas2005-2018,INDICES_Institucional_2005-2025.xlsx,idSede
CNED,Bibliotecas2005-2018,INDICES_Institucional_2005-2025.xlsx,Sede
CNED,Bibliotecas2005-2018,INDICES_Institucional_2005-2025.xlsx,N° Bibliotecas
CNED,Bibliotecas2005-2018,INDICES_Institucional_2005-2025.xlsx,N° PC destinados a búsqueda y referencia
CNED,Bibliotecas2005-2018,INDICES_Institucional_2005-2025.xlsx,N° de préstamos usuarios internos
CNED,Bibliotecas2005-2018,INDICES_Institucional_2005-2025.xlsx,N° Bibliotecólogos
CNED,Bibliotecas2005-2018,INDICES_Institucional_2005-2025.xlsx,N° Otros Profesionales
CNED,Bibliotecas2005-2018,INDICES_Institucional_2005-2025.xlsx,N° Otros no Profesionales (Ayudantes)
CNED,Bibliotecas2005-2018,INDICES_Institucional_2005-2025.xlsx,N° de títulos
CNED,Bibliotecas2005-2018,INDICES_Institucional_2005-2025.xlsx,N° de ejemplares
CNED,Bibliotecas2005-2018,INDICES_Institucional_2005-2025.xlsx,Material Audivisual y Multimedia
CNED,Bibliotecas2005-2018,INDICES_Institucional_2005-2025.xlsx,N° Suscripciones Revistas Especializadas
CNED,Bibliotecas2005-2018,INDICES_Institucional_2005-2025.xlsx,N° Suscripciones Revistas Electrónicas
CNED,Bibliotecas2005-2018,INDICES_Institucional_2005-2025.xlsx,Mts2 de salas estudio
CNED,Bibliotecas2005-2018,INDICES_Institucional_2005-2025.xlsx,Mts2 construídos de biblioteca
CNED,Docentes,INDICES_Institucional_2005-2025.xlsx,Cód. Institución
CNED,Docentes,INDICES_Institucional_2005-2025.xlsx,Nombre Institución
CNED,Docentes,INDICES_Institucional_2005-2025.xlsx,idSede
CNED,Docentes,INDICES_Institucional_2005-2025.xlsx,Sede
CNED,Docentes,INDICES_Institucional_2005-2025.xlsx,Tipo Institución
CNED,Docentes,INDICES_Institucional_2005-2025.xlsx,Año Proceso
CNED,Docentes,INDICES_Institucional_2005-2025.xlsx,N°DocentesJornadaMedia
CNED,Docentes,INDICES_Institucional_2005-2025.xlsx,N°DocentesJornadaHora
CNED,Docentes,INDICES_Institucional_2005-2025.xlsx,N°DocentesJornadaCompleta
CNED,Docentes,INDICES_Institucional_2005-2025.xlsx,N°HorasJornadaCompleta
CNED,Docentes,INDICES_Institucional_2005-2025.xlsx,N°HorasJornadaMedia
CNED,Docentes,INDICES_Institucional_2005-2025.xlsx,N°HorasJornadaHora
CNED,Docentes,INDICES_Institucional_2005-2025.xlsx,N°HorasEspeJornadaHora
CNED,Docentes,INDICES_Institucional_2005-2025.xlsx,N°HorasEspeJornadaMedia
CNED,Docentes,INDICES_Institucional_2005-2025.xlsx,N°HorasEspeJornadaCompleta
CNED,Docentes,INDICES_Institucional_2005-2025.xlsx,N°HorasOtroJornadaHora
CNED,Docentes,INDICES_Institucional_2005-2025.xlsx,N°HorasOtroJornadaMedia
CNED,Docentes,INDICES_Institucional_2005-2025.xlsx,"N°HorasOtroJornadaCompleta,"
CNED,Docentes,INDICES_Institucional_2005-2025.xlsx,N°HorasTécnicoJornadaHora
CNED,Docentes,INDICES_Institucional_2005-2025.xlsx, N°HorasTécnicoJornadaMedia
CNED,Docentes,INDICES_Institucional_2005-2025.xlsx,N°HorasTécnicoJornadaCompleta
CNED,Docentes,INDICES_Institucional_2005-2025.xlsx,N°HorasProfJornadaHora
CNED,Docentes,INDICES_Institucional_2005-2025.xlsx,N°HorasProfJornadaMedia
CNED,Docentes,INDICES_Institucional_2005-2025.xlsx,N°HorasProfJornadaCompleta
CNED,Docentes,INDICES_Institucional_2005-2025.xlsx,N°HorasMagísterJornadaHora
CNED,Docentes,INDICES_Institucional_2005-2025.xlsx,N°HorasMagísterJornadaMedia
CNED,Docentes,INDICES_Institucional_2005-2025.xlsx,N°HorasMagísterJornadaCompleta
CNED,Docentes,INDICES_Institucional_2005-2025.xlsx,N°HorasDoctorJornadaHora
CNED,Docentes,INDICES_Institucional_2005-2025.xlsx,N°HorasDoctorJornadaMedia
CNED,Docentes,INDICES_Institucional_2005-2025.xlsx,N°HorasDoctorJornadaCompleta
CNED,Docentes,INDICES_Institucional_2005-2025.xlsx,N°OtroJornadaHora
CNED,Docentes,INDICES_Institucional_2005-2025.xlsx,N°OtroJornadaMedia
CNED,Docentes,INDICES_Institucional_2005-2025.xlsx,N°OtroJornadaCompleta
CNED,Docentes,INDICES_Institucional_2005-2025.xlsx,N°TecnicoJornadaHora
CNED,Docentes,INDICES_Institucional_2005-2025.xlsx,N°TecnicoJornadaMedia
CNED,Docentes,INDICES_Institucional_2005-2025.xlsx,N°TecnicoJornadaCompleta
CNED,Docentes,INDICES_Institucional_2005-2025.xlsx,N°ProfesionalJornadaHora
CNED,Docentes,INDICES_Institucional_2005-2025.xlsx,N°ProfesionalJornadaMedia
CNED,Docentes,INDICES_Institucional_2005-2025.xlsx,N°ProfesionalJornadaCompleta
CNED,Docentes,INDICES_Institucional_2005-2025.xlsx,N°EspecialidadesJornadaHora
CNED,Docentes,INDICES_Institucional_2005-2025.xlsx,N°EspecialidadesJornadaMedia
CNED,Docentes,INDICES_Institucional_2005-2025.xlsx,N°EspecialidadesJornadaCompleta
CNED,Docentes,INDICES_Institucional_2005-2025.xlsx,N°MagisterJornadaHora
CNED,Docentes,INDICES_Institucional_2005-2025.xlsx,N°MagisterJornadaMedia
CNED,Docentes,INDICES_Institucional_2005-2025.xlsx,N°MagisterJornadaCompleta
CNED,Docentes,INDICES_Institucional_2005-2025.xlsx,N°DoctorJornadaHora
CNED,Docentes,INDICES_Institucional_2005-2025.xlsx,N°DoctorJornadaMedia
CNED,Docentes,INDICES_Institucional_2005-2025.xlsx,N°DoctorJornadaCompleta
CNED,Docentes,INDICES_Institucional_2005-2025.xlsx,N°Docentes
CNED,Docentes,INDICES_Institucional_2005-2025.xlsx,N°Horas
CNED,Docentes,INDICES_Institucional_2005-2025.xlsx,N°DocentesHombres
CNED,Docentes,INDICES_Institucional_2005-2025.xlsx,N°DocentesMujeres
CNED,Bibliotecas2019-2025,INDICES_Institucional_2005-2025.xlsx,Tipo Institución
CNED,Bibliotecas2019-2025,INDICES_Institucional_2005-2025.xlsx,Cód. Institución
CNED,Bibliotecas2019-2025,INDICES_Institucional_2005-2025.xlsx,Nombre Institución
CNED,Bibliotecas2019-2025,INDICES_Institucional_2005-2025.xlsx,idSede
CNED,Bibliotecas2019-2025,INDICES_Institucional_2005-2025.xlsx,Sede
CNED,Bibliotecas2019-2025,INDICES_Institucional_2005-2025.xlsx,AñoProceso
CNED,Bibliotecas2019-2025,INDICES_Institucional_2005-2025.xlsx,Total de Bibliotecas
CNED,Bibliotecas2019-2025,INDICES_Institucional_2005-2025.xlsx,Total Biblioteca Open Access
CNED,Bibliotecas2019-2025,INDICES_Institucional_2005-2025.xlsx,Total Bibliotecas Suscrip. Pagada
CNED,Bibliotecas2019-2025,INDICES_Institucional_2005-2025.xlsx,Total Bibliotecas Manual
CNED,Bibliotecas2019-2025,INDICES_Institucional_2005-2025.xlsx,¿Dispone Descubridor?
CNED,Bibliotecas2019-2025,INDICES_Institucional_2005-2025.xlsx,Mts2 Construidos
CNED,Bibliotecas2019-2025,INDICES_Institucional_2005-2025.xlsx,Total Puestos Trabajo
CNED,Bibliotecas2019-2025,INDICES_Institucional_2005-2025.xlsx,N°Bibliotecologos
CNED,Bibliotecas2019-2025,INDICES_Institucional_2005-2025.xlsx,N° Horas semanales Bibliotecólogo
CNED,Bibliotecas2019-2025,INDICES_Institucional_2005-2025.xlsx,N° Técnicos Bibliotecarios
CNED,Bibliotecas2019-2025,INDICES_Institucional_2005-2025.xlsx,N° Otros Profesionales
CNED,Bibliotecas2019-2025,INDICES_Institucional_2005-2025.xlsx,N° Otros Técnicos
CNED,Bibliotecas2019-2025,INDICES_Institucional_2005-2025.xlsx,N° Sin estudios Superiores
CNED,Bibliotecas2019-2025,INDICES_Institucional_2005-2025.xlsx,¿Dispone Programa Inclusión?
CNED,Bibliotecas2019-2025,INDICES_Institucional_2005-2025.xlsx,¿Dispone Programa Extensión/Vinculación Medio?
CNED,Bibliotecas2019-2025,INDICES_Institucional_2005-2025.xlsx,¿Dispone Programa Apoyo Proceso Enseñanza/Aprendizaje?
CNED,Bibliotecas2019-2025,INDICES_Institucional_2005-2025.xlsx,¿Dispone Programa Apoyo Investigación?
CNED,Bibliotecas2019-2025,INDICES_Institucional_2005-2025.xlsx,N° Convenios Interbibliotecarios
CNED,Bibliotecas2019-2025,INDICES_Institucional_2005-2025.xlsx,N° Títulos Físicos
CNED,Bibliotecas2019-2025,INDICES_Institucional_2005-2025.xlsx,N° Ejemplares Físicos
CNED,Bibliotecas2019-2025,INDICES_Institucional_2005-2025.xlsx,N° Titulos Revistas Fisicas
CNED,Bibliotecas2019-2025,INDICES_Institucional_2005-2025.xlsx,N° Trabajos Titulacion
CNED,Bibliotecas2019-2025,INDICES_Institucional_2005-2025.xlsx,N° Bases de Datos Suscritas
CNED,Bibliotecas2019-2025,INDICES_Institucional_2005-2025.xlsx,N° Ebooks Suscritos
CNED,Bibliotecas2019-2025,INDICES_Institucional_2005-2025.xlsx,N° Titulos Revistas Digitales
CNED,Bibliotecas2019-2025,INDICES_Institucional_2005-2025.xlsx,N° Títulos Digitales Distintos Ebooks o Revistas
CNED,Bibliotecas2019-2025,INDICES_Institucional_2005-2025.xlsx,N° Titulos Digita Para Fines Académicos
CNED,Bibliotecas2019-2025,INDICES_Institucional_2005-2025.xlsx,N° Bases de datos Open Access disponibles
CNED,Bibliotecas2019-2025,INDICES_Institucional_2005-2025.xlsx,¿Dispone Repositorio Académico?
CNED,Bibliotecas2019-2025,INDICES_Institucional_2005-2025.xlsx,N° Préstamos Físicos
CNED,Bibliotecas2019-2025,INDICES_Institucional_2005-2025.xlsx,N° Descargas Digitales
CNED,Bibliotecas2019-2025,INDICES_Institucional_2005-2025.xlsx,Porcentaje % Inversión Impreso
CNED,Bibliotecas2019-2025,INDICES_Institucional_2005-2025.xlsx,Porcentaje % Inversión Digital
CNED,Bibliotecas2019-2025,INDICES_Institucional_2005-2025.xlsx,Porcentaje % Inversión Tecnológico SW/HW
CNED,Bibliotecas2019-2025,INDICES_Institucional_2005-2025.xlsx,Porcentaje % Inversión Otro
